city,country,lat,lon,month,temperature,humidity,pressure,dew_point,absolute_humidity,water_output_liters_per_day
Lahore,PK,31.5497,74.3436,6,40.74,25.52,967.09,17.13,13.5565,65.0711
Johannesburg,ZA,-26.2041,28.0473,6,13.87,44.39,829.37,1.95,5.3108,25.4918
Mexico City,MX,19.4326,-99.1332,5,19.4,50.44,771.86,8.84,8.4148,42.0068
Sydney,AU,-33.8688,151.2093,2,23.03,65.4,1008.57,16.18,13.4668,69.1193
London,GB,51.5074,-0.1278,1,7.13,86.14,1011.76,4.97,6.7291,33.5918
Berlin,DE,52.52,13.405,5,19.12,70.17,1011.66,13.55,11.5134,57.475
Tokyo,JP,35.6762,139.6503,10,18.54,80.67,1014.69,15.15,12.7913,57.1443
Karachi,PK,24.8607,67.0011,4,26.82,67.94,1010.45,20.39,17.3228,88.9101
Istanbul,TR,41.0082,28.9784,1,6.83,84.03,1014.02,4.32,6.4389,32.1429
Colombo,LK,6.9271,79.8612,7,30.07,87.51,1008.8,27.76,26.6614,122.8559
Melbourne,AU,-37.8136,144.9631,7,10.63,75.66,1018.18,6.51,7.3951,34.0767
Tokyo,JP,35.6762,139.6503,12,8.8,39.65,1020.9,-4.17,3.4513,16.5662
Mumbai,IN,19.076,72.8777,12,29.69,70.7,1014.08,23.78,21.0993,101.2768
São Paulo,BR,-23.5505,-46.6333,11,24.82,75.92,924.98,20.27,17.3042,79.7377
Mumbai,IN,19.076,72.8777,9,32.07,80.37,1009.58,28.25,27.2752,120.4473
Colombo,LK,6.9271,79.8612,9,28.01,78.94,1005.51,24.0,21.4928,94.9121
Bangalore,IN,12.9716,77.5946,8,21.9,78.67,910.47,18.02,15.1772,67.8032
Jakarta,ID,-6.2088,106.8456,4,28.89,79.32,1011.83,24.93,22.6588,116.2973
Anchorage,US,61.2181,-149.9003,2,-2.81,74.78,1007.32,-6.65,2.981,15.3001
Bangkok,TH,13.7563,100.5018,6,28.09,75.74,1001.0,23.4,20.7169,99.4412
Singapore,SG,1.3521,103.8198,6,27.64,90.29,1009.57,25.9,24.0832,115.5994
Hyderabad,IN,17.385,78.4867,5,28.64,32.96,941.9,10.74,9.2865,46.3582
Rio de Janeiro,BR,-22.9068,-43.1729,6,23.53,80.01,1014.76,19.88,16.9525,81.3719
Johannesburg,ZA,-26.2041,28.0473,7,9.04,41.36,834.93,-3.4,3.6534,16.8351
Amman,JO,31.9454,35.9284,11,15.4,46.81,922.17,4.08,6.1467,28.3238
Jaipur,IN,26.9124,75.7873,6,37.76,29.46,936.72,16.88,13.4601,64.6086
Mexico City,MX,19.4326,-99.1332,10,16.45,66.42,773.09,10.17,9.2972,41.5346
Johannesburg,ZA,-26.2041,28.0473,11,23.92,60.76,825.92,15.87,13.1613,60.6474
Miami,US,25.7617,-80.1918,8,27.33,71.5,1010.7,21.71,18.7541,83.783
Rio de Janeiro,BR,-22.9068,-43.1729,11,20.95,78.33,1010.37,17.03,14.3076,65.9294
Buenos Aires,AR,-34.6037,-58.3816,5,10.01,69.98,1017.36,4.79,6.578,32.8373
Bangalore,IN,12.9716,77.5946,5,25.4,71.25,909.55,19.8,16.7756,83.7439
Johannesburg,ZA,-26.2041,28.0473,9,14.69,44.63,830.32,2.76,5.6136,24.7897
Dhaka,BD,23.7104,90.4074,5,29.28,74.09,997.87,24.17,21.6242,107.9478
Casablanca,MA,33.5731,-7.5898,11,15.29,79.1,1015.81,11.69,10.3198,47.5534
Tokyo,JP,35.6762,139.6503,1,12.28,45.69,1018.57,0.9,4.9521,24.721
Karachi,PK,24.8607,67.0011,1,19.61,66.32,1019.87,13.15,11.1991,55.9057
Johannesburg,ZA,-26.2041,28.0473,6,8.01,33.78,833.38,-6.98,2.7941,13.4117
Singapore,SG,1.3521,103.8198,1,27.31,86.31,1009.69,24.82,22.6115,112.8766
Berlin,DE,52.52,13.405,5,16.99,74.51,1015.09,12.43,10.7725,53.7761
Houston,US,29.7604,-95.3698,4,21.64,70.26,1015.4,15.98,13.3537,68.5386
Jakarta,ID,-6.2088,106.8456,3,24.7,86.64,1010.65,22.31,19.6094,101.6549
Bangalore,IN,12.9716,77.5946,12,20.05,66.5,912.51,13.62,11.5272,55.3304
Buenos Aires,AR,-34.6037,-58.3816,6,8.82,81.01,1016.23,5.74,7.0599,33.8875
Delhi,IN,28.6139,77.209,7,30.5,81.02,1000.47,26.86,25.2611,116.4031
Berlin,DE,52.52,13.405,11,4.91,93.25,1012.8,3.91,6.298,29.021
Lagos,NG,6.5244,3.3792,8,29.8,88.36,1011.44,27.66,26.5248,118.4981
Melbourne,AU,-37.8136,144.9631,2,20.04,61.09,1010.65,12.3,10.5795,54.2999
Houston,US,29.7604,-95.3698,10,19.2,73.03,1013.94,14.24,12.0364,53.7722
Leh,IN,34.1526,77.577,1,-10.79,57.0,652.73,-17.63,1.268,6.33
Colombo,LK,6.9271,79.8612,6,24.94,82.34,1006.93,21.72,18.8979,90.7098
Chennai,IN,13.0827,80.2707,4,31.1,69.1,1006.9,24.75,22.2588,114.2447
Hong Kong,HK,22.3193,114.1694,4,17.63,78.22,1011.09,13.79,11.749,60.3022
Mumbai,IN,19.076,72.8777,7,28.09,86.53,1001.78,25.62,23.6605,109.0277
Rome,IT,41.9028,12.4964,9,25.2,54.12,1015.71,15.25,12.5995,55.6396
Jakarta,ID,-6.2088,106.8456,3,25.8,81.86,1002.69,22.46,19.7197,102.2272
Lahore,PK,31.5497,74.3436,12,15.66,83.47,987.72,12.86,11.1359,53.4522
Miami,US,25.7617,-80.1918,4,24.95,68.55,1016.95,18.75,15.7367,80.7696
Bangkok,TH,13.7563,100.5018,12,22.44,70.28,1014.87,16.75,13.9899,67.1515
Bangkok,TH,13.7563,100.5018,9,29.56,81.58,1007.02,26.06,24.178,106.7699
Jaipur,IN,26.9124,75.7873,8,34.78,69.15,953.15,28.27,27.0735,120.9493
Casablanca,MA,33.5731,-7.5898,4,17.95,62.8,1016.13,10.75,9.6123,49.3355
Moscow,RU,55.7558,37.6173,11,-1.47,89.67,1012.29,-2.95,3.9262,18.0921
Hong Kong,HK,22.3193,114.1694,5,30.84,87.61,1007.28,28.54,27.8363,138.9588
Casablanca,MA,33.5731,-7.5898,9,22.68,73.37,1010.03,17.66,14.8066,65.3858
Kuala Lumpur,MY,3.139,101.6869,6,32.02,88.93,1010.19,29.96,30.0988,144.4743
Kuala Lumpur,MY,3.139,101.6869,4,28.16,82.63,1008.93,24.92,22.6853,116.4338
New York,US,40.7128,-74.006,4,11.98,50.85,1011.83,2.11,5.4088,27.7609
Riyadh,SA,24.6877,46.7219,9,35.56,5.0,923.41,-9.87,2.039,9.0044
Kathmandu,NP,27.7172,85.324,10,17.8,70.35,854.25,12.33,10.6739,47.6851
Moscow,RU,55.7558,37.6173,10,6.94,77.89,1015.83,3.35,6.0107,26.8523
Colombo,LK,6.9271,79.8612,4,27.52,84.7,1012.88,24.71,22.4521,115.2367
Riyadh,SA,24.6877,46.7219,11,24.39,36.27,937.93,8.45,8.0703,37.1881
Beijing,CN,39.9042,116.4074,6,29.74,61.7,1007.13,21.58,18.4659,88.6365
Addis Ababa,ET,9.032,38.7492,6,17.59,72.84,768.67,12.66,10.9152,52.3931
Jaipur,IN,26.9124,75.7873,5,35.58,21.08,942.65,9.92,8.6064,42.9632
Los Angeles,US,34.0522,-118.2437,2,11.82,66.89,1016.28,5.86,7.0451,36.1591
Jakarta,ID,-6.2088,106.8456,1,29.71,91.79,1010.68,28.23,27.4273,136.9169
London,GB,51.5074,-0.1278,6,19.46,69.66,1012.58,13.76,11.6586,55.9614
Istanbul,TR,41.0082,28.9784,1,7.93,85.25,1014.39,5.61,7.0161,35.0246
Los Angeles,US,34.0522,-118.2437,7,24.4,67.33,1009.18,17.94,14.9881,69.0652
Kathmandu,NP,27.7172,85.324,2,8.15,72.1,857.8,3.42,6.0155,30.8748
Kuala Lumpur,MY,3.139,101.6869,4,25.36,77.87,1004.66,21.21,18.2947,93.8987
Melbourne,AU,-37.8136,144.9631,3,17.39,67.79,1012.09,11.38,10.0397,52.0457
Nairobi,KE,-1.2921,36.8219,5,18.07,75.71,839.87,13.71,11.6748,58.2804
Kathmandu,NP,27.7172,85.324,2,8.03,56.58,860.18,-0.07,4.6849,24.0455
Hong Kong,HK,22.3193,114.1694,2,22.44,87.07,1016.05,20.18,17.3307,88.9506
Beijing,CN,39.9042,116.4074,6,24.4,58.66,1007.73,15.76,13.0547,62.6626
Jakarta,ID,-6.2088,106.8456,6,25.49,70.64,1011.43,19.75,16.7192,80.252
Kolkata,IN,22.5726,88.3639,8,29.64,95.18,1002.37,28.79,28.3405,126.6099
Addis Ababa,ET,9.032,38.7492,5,16.8,76.16,771.59,12.58,10.8875,54.3503
Colombo,LK,6.9271,79.8612,12,25.84,74.17,1010.45,20.88,17.9054,85.946
Colombo,LK,6.9271,79.8612,3,34.31,74.29,1009.14,29.06,28.385,147.148
Singapore,SG,1.3521,103.8198,3,24.03,84.71,1004.36,21.29,18.466,95.7276
Kuala Lumpur,MY,3.139,101.6869,1,22.46,76.75,1004.77,18.16,15.2909,76.3321
Johannesburg,ZA,-26.2041,28.0473,1,20.96,59.83,824.01,12.85,10.9333,54.5793
Casablanca,MA,33.5731,-7.5898,5,21.15,79.22,1014.11,17.4,14.6335,73.0504
Shanghai,CN,31.2304,121.4737,4,18.75,72.11,1014.96,13.62,11.5755,59.4119
Addis Ababa,ET,9.032,38.7492,7,9.9,94.99,767.63,9.14,8.8685,40.8661
Istanbul,TR,41.0082,28.9784,11,6.29,79.07,1014.22,2.93,5.8504,26.9586
Anchorage,US,61.2181,-149.9003,1,-9.71,73.71,1010.49,-13.51,1.7789,8.8803
Bangalore,IN,12.9716,77.5946,3,27.05,50.57,911.84,15.9,13.0601,67.7035
Miami,US,25.7617,-80.1918,3,24.5,62.04,1011.98,16.74,13.8879,71.9948
Mumbai,IN,19.076,72.8777,12,31.07,68.63,1012.8,24.6,22.0676,105.9246
Karachi,PK,24.8607,67.0011,10,26.05,72.43,1009.26,20.7,17.6894,79.0264
Delhi,IN,28.6139,77.209,5,39.96,37.92,1001.58,22.87,19.3691,96.6904
Bangalore,IN,12.9716,77.5946,12,14.29,60.92,916.34,6.85,7.4783,35.8956
London,GB,51.5074,-0.1278,4,10.07,73.23,1011.52,5.5,6.9108,35.4698
Johannesburg,ZA,-26.2041,28.0473,7,9.1,35.38,837.65,-5.41,3.1384,14.4618
London,GB,51.5074,-0.1278,5,11.03,64.27,1013.25,4.54,6.4429,32.1628
Dhaka,BD,23.7104,90.4074,12,19.85,68.29,1020.92,13.83,11.6948,56.135
Johannesburg,ZA,-26.2041,28.0473,3,16.99,58.77,826.2,8.86,8.4943,44.0344
Berlin,DE,52.52,13.405,2,2.97,80.52,1012.47,-0.05,4.7792,24.5295
Chennai,IN,13.0827,80.2707,12,24.93,71.14,1010.71,19.33,16.3176,78.3243
Kathmandu,NP,27.7172,85.324,6,26.13,73.86,854.88,21.09,18.1199,86.9754
Cairo,EG,30.0444,31.2357,8,35.65,33.73,1003.52,17.2,13.8159,61.7218
Bangkok,TH,13.7563,100.5018,3,28.38,58.88,1013.42,19.55,16.3632,84.8269
New York,US,40.7128,-74.006,3,10.72,62.28,1018.04,3.8,6.1221,31.7369
Rio de Janeiro,BR,-22.9068,-43.1729,3,26.07,85.66,1008.5,23.47,20.9416,108.5614
Kolkata,IN,22.5726,88.3639,1,18.94,74.75,1018.16,14.36,12.1369,60.5872
London,GB,51.5074,-0.1278,8,14.59,62.11,1015.45,7.42,7.7646,34.6881
Buenos Aires,AR,-34.6037,-58.3816,3,21.77,59.69,1012.32,13.58,11.4335,59.2712
Hong Kong,HK,22.3193,114.1694,5,28.29,84.57,1007.31,25.44,23.3878,116.752
Sydney,AU,-33.8688,151.2093,3,22.76,73.23,1012.74,17.71,14.8485,76.9744
Cairo,EG,30.0444,31.2357,7,36.79,35.71,1006.43,19.11,15.5193,71.5128
Istanbul,TR,41.0082,28.9784,5,18.95,70.59,1015.15,13.48,11.4645,57.2309
Lahore,PK,31.5497,74.3436,3,22.38,63.26,980.81,15.05,12.551,65.0643
Melbourne,AU,-37.8136,144.9631,9,11.83,65.79,1017.98,5.63,6.9333,30.6176
Delhi,IN,28.6139,77.209,3,20.48,56.74,1009.6,11.59,10.0811,52.2603
Johannesburg,ZA,-26.2041,28.0473,8,15.02,42.21,828.34,2.28,5.417,24.2002
Miami,US,25.7617,-80.1918,10,24.91,82.86,1016.54,21.79,18.9852,84.8152
Paris,FR,48.8566,2.3522,2,7.79,87.46,1017.11,5.84,7.1323,36.6068
Melbourne,AU,-37.8136,144.9631,8,8.5,78.59,1015.12,4.99,6.7063,29.96
Colombo,LK,6.9271,79.8612,1,28.51,77.17,1007.31,24.11,21.5971,107.8128
Lagos,NG,6.5244,3.3792,9,26.97,82.07,1011.57,23.64,21.093,93.1467
Kuala Lumpur,MY,3.139,101.6869,12,29.12,75.08,1011.53,24.24,21.7202,104.2572
Dhaka,BD,23.7104,90.4074,10,25.86,85.92,1005.95,23.32,20.7608,92.7479
Hyderabad,IN,17.385,78.4867,7,27.65,84.34,940.34,24.76,22.5097,103.7249
Bangalore,IN,12.9716,77.5946,4,28.41,53.74,913.18,18.11,14.9552,76.7583
Addis Ababa,ET,9.032,38.7492,8,10.42,84.94,771.33,8.0,8.1934,36.6037
New York,US,40.7128,-74.006,3,8.59,61.16,1011.67,1.53,5.2502,27.2169
Beijing,CN,39.9042,116.4074,9,22.69,66.85,1010.92,16.21,13.5,59.6162
Mumbai,IN,19.076,72.8777,3,28.34,86.86,1010.03,25.93,24.0822,124.8421
Kolkata,IN,22.5726,88.3639,10,26.5,80.83,1009.38,22.93,20.2447,90.442
Cairo,EG,30.0444,31.2357,8,31.3,35.32,1006.32,14.13,11.502,51.3845
Cairo,EG,30.0444,31.2357,4,20.98,36.51,1006.34,5.54,6.681,34.2906
Delhi,IN,28.6139,77.209,4,29.22,46.75,1009.9,16.64,13.5971,69.7879
Melbourne,AU,-37.8136,144.9631,3,16.6,65.52,1011.1,10.11,9.2518,47.9612
Tokyo,JP,35.6762,139.6503,6,23.32,78.19,1009.15,19.29,16.3635,78.5446
Dubai,AE,25.2048,55.2708,4,26.06,48.76,1012.29,14.42,11.9127,61.1426
Rome,IT,41.9028,12.4964,10,17.04,79.95,1014.43,13.55,11.5921,51.7872
Rome,IT,41.9028,12.4964,2,8.29,65.43,1016.16,2.19,5.5106,28.2832
Leh,IN,34.1526,77.577,6,23.1,23.12,646.09,0.9,4.7799,22.9433
Beijing,CN,39.9042,116.4074,12,0.87,43.93,1015.96,-10.01,2.262,10.8575
Miami,US,25.7617,-80.1918,4,24.43,70.03,1012.54,18.6,15.6112,80.1253
Mexico City,MX,19.4326,-99.1332,7,15.28,73.61,775.1,10.59,9.5955,44.2159
Dhaka,BD,23.7104,90.4074,2,21.11,72.96,1013.33,16.06,13.4447,69.0057
Melbourne,AU,-37.8136,144.9631,11,17.94,57.64,1013.75,9.46,8.8189,40.6375
New York,US,40.7128,-74.006,7,24.43,75.63,1012.27,19.83,16.8583,77.6828
Bangalore,IN,12.9716,77.5946,2,20.51,52.98,909.27,10.59,9.4293,48.3965
Kuala Lumpur,MY,3.139,101.6869,1,27.78,83.63,1010.81,24.74,22.4797,112.2184
São Paulo,BR,-23.5505,-46.6333,3,21.18,80.38,924.21,17.66,14.8769,77.122
Dubai,AE,25.2048,55.2708,4,33.56,63.65,1012.28,25.7,23.3773,119.9854
Anchorage,US,61.2181,-149.9003,10,4.42,67.48,1004.06,-1.07,4.4123,19.7117
Houston,US,29.7604,-95.3698,8,35.66,75.72,1013.67,30.69,31.041,138.6742
Kolkata,IN,22.5726,88.3639,4,28.99,52.79,1006.06,18.37,15.1703,77.8623
Riyadh,SA,24.6877,46.7219,11,22.07,24.25,938.61,0.69,4.7236,21.7665
Rome,IT,41.9028,12.4964,12,7.67,79.3,1014.22,4.32,6.4188,30.8104
London,GB,51.5074,-0.1278,4,10.37,65.39,1014.04,4.16,6.2888,32.2776
Mexico City,MX,19.4326,-99.1332,11,13.07,59.95,782.51,5.47,6.8247,31.4481
Hong Kong,HK,22.3193,114.1694,8,31.97,73.82,1005.19,26.69,24.9097,111.283
Tokyo,JP,35.6762,139.6503,1,7.93,49.48,1023.1,-1.99,4.0723,20.3292
Los Angeles,US,34.0522,-118.2437,10,25.69,57.31,1011.83,16.6,13.7142,61.2674
Casablanca,MA,33.5731,-7.5898,1,13.63,79.18,1016.5,10.09,9.3339,46.595
Kuala Lumpur,MY,3.139,101.6869,5,29.41,84.87,1009.53,26.59,24.9434,124.5173
Nairobi,KE,-1.2921,36.8219,7,15.98,73.9,836.88,11.32,10.0506,46.3133
Riyadh,SA,24.6877,46.7219,3,22.71,26.84,938.06,2.66,5.4276,28.1367
Bangkok,TH,13.7563,100.5018,5,32.46,76.75,1003.82,27.83,26.5835,132.7051
New York,US,40.7128,-74.006,1,3.16,62.58,1013.45,-3.28,3.763,18.7849
Bangkok,TH,13.7563,100.5018,12,24.04,63.84,1018.23,16.76,13.9275,66.8519
Rio de Janeiro,BR,-22.9068,-43.1729,4,23.37,83.01,1016.44,20.31,17.4222,89.4202
Riyadh,SA,24.6877,46.7219,10,31.03,12.27,932.1,-1.42,3.9392,17.598
Delhi,IN,28.6139,77.209,5,30.49,30.31,1001.71,11.09,9.4489,47.1689
Lahore,PK,31.5497,74.3436,6,33.39,41.69,966.97,18.59,15.1755,72.8424
Johannesburg,ZA,-26.2041,28.0473,5,12.82,37.54,830.11,-1.32,4.2074,21.0031
Chennai,IN,13.0827,80.2707,1,26.84,83.2,1011.26,23.74,21.2299,105.9794
Shanghai,CN,31.2304,121.4737,1,2.59,84.98,1012.15,0.32,4.9162,24.5415
Kolkata,IN,22.5726,88.3639,9,31.83,75.68,1001.31,26.99,25.3481,111.937
Miami,US,25.7617,-80.1918,11,25.67,77.89,1019.87,21.52,18.6245,85.8217
Singapore,SG,1.3521,103.8198,12,25.3,83.5,1008.37,22.29,19.5497,93.8385
Karachi,PK,24.8607,67.0011,9,33.83,71.39,1011.48,27.91,26.5922,117.4311
Bangkok,TH,13.7563,100.5018,3,29.53,56.1,1009.04,19.84,16.6042,86.0761
Moscow,RU,55.7558,37.6173,4,7.69,80.02,1015.08,4.47,6.484,33.2795
Hyderabad,IN,17.385,78.4867,3,35.22,45.75,947.39,21.73,18.3281,95.0127
Leh,IN,34.1526,77.577,9,19.76,36.94,647.69,4.62,6.2918,27.7846
Istanbul,TR,41.0082,28.9784,7,29.53,71.09,1011.36,23.72,21.0314,96.9125
Dhaka,BD,23.7104,90.4074,11,24.09,65.66,1013.46,17.25,14.364,66.1895
Lagos,NG,6.5244,3.3792,9,27.63,81.89,1008.09,24.24,21.831,96.4057
Lagos,NG,6.5244,3.3792,4,32.77,90.24,1007.49,30.95,31.7825,163.1255
Istanbul,TR,41.0082,28.9784,11,13.5,87.73,1016.31,11.51,10.2582,47.2696
London,GB,51.5074,-0.1278,8,22.36,69.5,1013.13,16.5,13.7684,61.5096
Rio de Janeiro,BR,-22.9068,-43.1729,5,25.0,72.58,1013.29,19.72,16.7112,83.4224
Anchorage,US,61.2181,-149.9003,10,2.66,76.98,1006.87,-0.97,4.4744,19.9892
Beijing,CN,39.9042,116.4074,12,-4.69,44.82,1014.15,-14.84,1.5634,7.5043
São Paulo,BR,-23.5505,-46.6333,7,14.33,75.76,935.12,10.11,9.3227,42.9592
Rio de Janeiro,BR,-22.9068,-43.1729,4,15.62,84.2,1011.88,12.96,11.2081,57.5263
Rio de Janeiro,BR,-22.9068,-43.1729,1,23.98,72.39,1012.7,18.7,15.7368,78.5581
Lahore,PK,31.5497,74.3436,2,19.61,67.82,981.8,13.5,11.4557,58.7969
Berlin,DE,52.52,13.405,6,18.92,69.12,1013.01,13.13,11.2052,53.7848
Nairobi,KE,-1.2921,36.8219,8,19.37,81.27,836.07,16.08,13.5353,60.4681
Chennai,IN,13.0827,80.2707,8,32.26,69.93,998.73,26.05,23.9634,107.0553
Kolkata,IN,22.5726,88.3639,3,26.51,55.85,1010.19,16.96,13.9935,72.5423
Dhaka,BD,23.7104,90.4074,1,20.26,82.69,1016.45,17.21,14.5049,72.4082
Karachi,PK,24.8607,67.0011,11,24.93,63.33,1011.83,17.48,14.527,66.9405
Delhi,IN,28.6139,77.209,2,14.7,71.25,1015.55,9.54,8.965,46.0132
Dubai,AE,25.2048,55.2708,1,19.4,66.76,1020.18,13.05,11.1338,55.58
Dubai,AE,25.2048,55.2708,5,35.25,63.97,1006.12,27.37,25.6622,128.1055
Cairo,EG,30.0444,31.2357,3,18.79,50.6,1017.32,8.32,8.1411,42.2037
Hyderabad,IN,17.385,78.4867,11,14.01,55.44,956.99,5.22,6.6876,30.8165
Dhaka,BD,23.7104,90.4074,6,28.85,83.59,995.52,25.78,23.8314,114.3908
Houston,US,29.7604,-95.3698,3,18.73,69.11,1021.11,12.94,11.0807,57.4423
Delhi,IN,28.6139,77.209,7,33.28,87.45,996.92,30.9,31.6437,145.8143
Chicago,US,41.8781,-87.6298,8,16.11,60.27,1013.47,8.4,8.2604,36.903
Mumbai,IN,19.076,72.8777,2,22.77,68.17,1017.44,16.59,13.8272,70.9688
Tokyo,JP,35.6762,139.6503,6,21.82,66.39,1006.97,15.27,12.7507,61.2031
Casablanca,MA,33.5731,-7.5898,3,15.11,85.15,1015.69,12.63,10.9849,56.9458
Dhaka,BD,23.7104,90.4074,7,30.42,89.69,1001.88,28.53,27.8486,128.3263
Casablanca,MA,33.5731,-7.5898,2,10.25,76.11,1011.36,6.22,7.2613,37.2691
Beijing,CN,39.9042,116.4074,1,-4.77,45.59,1017.55,-14.71,1.5807,7.891
Dhaka,BD,23.7104,90.4074,2,20.65,72.7,1008.33,15.57,13.0448,66.9532
Hong Kong,HK,22.3193,114.1694,5,30.79,72.75,1009.61,25.32,23.0445,115.038
Bangalore,IN,12.9716,77.5946,3,26.43,69.3,909.51,20.34,17.2906,89.6344
Anchorage,US,61.2181,-149.9003,5,9.68,67.05,1012.06,3.86,6.1697,30.7994
Kuala Lumpur,MY,3.139,101.6869,11,23.84,84.03,1011.23,20.97,18.1172,83.4842
Rome,IT,41.9028,12.4964,6,24.2,56.26,1006.61,14.93,12.3843,59.4447
Chicago,US,41.8781,-87.6298,12,2.48,71.19,1012.46,-2.2,4.0879,19.622
Kathmandu,NP,27.7172,85.324,10,19.19,71.19,859.02,13.84,11.7274,52.3913
Lahore,PK,31.5497,74.3436,9,30.37,64.85,977.05,23.0,20.0869,88.7036
Bangkok,TH,13.7563,100.5018,7,33.48,77.78,1004.71,29.06,28.4475,131.0861
Johannesburg,ZA,-26.2041,28.0473,10,19.75,58.65,830.26,11.41,9.9866,44.6148
Colombo,LK,6.9271,79.8612,2,26.74,67.85,1007.0,20.3,17.2256,88.4113
Karachi,PK,24.8607,67.0011,8,30.65,71.63,1006.73,24.92,22.5227,100.619
Los Angeles,US,34.0522,-118.2437,3,17.53,64.41,1013.3,10.74,9.6185,49.8622
Hyderabad,IN,17.385,78.4867,7,28.43,83.1,942.76,25.27,23.1488,106.6696
Bangkok,TH,13.7563,100.5018,6,28.37,85.47,1004.18,25.69,23.7315,113.9111
Kolkata,IN,22.5726,88.3639,4,28.42,61.88,1001.19,20.39,17.235,88.4596
Nairobi,KE,-1.2921,36.8219,12,17.33,68.49,835.23,11.47,10.1037,48.4977
Colombo,LK,6.9271,79.8612,3,29.67,83.01,1011.12,26.46,24.7471,128.2889
Addis Ababa,ET,9.032,38.7492,3,17.49,57.93,773.47,9.11,8.6288,44.7317
Mexico City,MX,19.4326,-99.1332,7,14.67,70.81,771.26,9.42,8.8945,40.986
Hong Kong,HK,22.3193,114.1694,7,27.41,97.11,1001.52,26.91,25.585,117.8957
Kathmandu,NP,27.7172,85.324,12,9.63,67.41,856.63,3.89,6.1838,29.6822
Los Angeles,US,34.0522,-118.2437,6,19.1,59.32,1007.1,10.97,9.7186,46.6491
Jakarta,ID,-6.2088,106.8456,11,23.71,78.62,1005.16,19.77,16.8304,77.5543
Hyderabad,IN,17.385,78.4867,4,30.85,26.5,945.39,9.38,8.4217,43.225
Hong Kong,HK,22.3193,114.1694,10,29.78,67.1,1011.29,23.0,20.1238,89.9019
Lagos,NG,6.5244,3.3792,4,31.37,72.01,1005.81,25.7,23.5359,120.7994
Dhaka,BD,23.7104,90.4074,10,25.55,82.51,1008.96,22.35,19.5964,87.5456
Chennai,IN,13.0827,80.2707,6,36.7,72.7,1001.65,30.98,31.4539,150.9786
Rome,IT,41.9028,12.4964,7,29.89,40.62,1010.26,15.05,12.2589,56.4888
Dubai,AE,25.2048,55.2708,4,31.57,37.41,1011.12,15.25,12.3552,63.4136
Hong Kong,HK,22.3193,114.1694,6,29.18,82.79,1006.97,25.94,24.0359,115.3722
Lagos,NG,6.5244,3.3792,10,31.02,84.03,1010.77,27.99,26.9505,120.3997
Hyderabad,IN,17.385,78.4867,2,22.7,56.05,951.47,13.47,11.323,58.1161
New York,US,40.7128,-74.006,6,23.99,67.47,1015.58,17.59,14.6724,70.4275
Lagos,NG,6.5244,3.3792,3,27.88,83.07,1007.67,24.73,22.4527,116.3949
Mexico City,MX,19.4326,-99.1332,2,13.62,38.96,779.3,-0.1,4.588,23.548
Chicago,US,41.8781,-87.6298,7,21.37,59.97,1011.53,13.28,11.2263,51.7306
Nairobi,KE,-1.2921,36.8219,2,18.5,65.4,836.25,11.89,10.3459,53.1008
Sydney,AU,-33.8688,151.2093,1,23.88,65.88,1015.59,17.1,14.2361,71.0665
Melbourne,AU,-37.8136,144.9631,11,16.8,67.02,1015.95,10.64,9.579,44.1401
Moscow,RU,55.7558,37.6173,12,-2.83,85.55,1014.76,-4.91,3.4046,16.3422
Dhaka,BD,23.7104,90.4074,3,26.46,58.39,1008.34,17.62,14.5907,75.6383
Singapore,SG,1.3521,103.8198,9,27.26,81.8,1009.14,23.87,21.3662,94.353
Sydney,AU,-33.8688,151.2093,9,13.14,47.9,1017.38,2.34,5.4775,24.1886
Jaipur,IN,26.9124,75.7873,1,16.21,61.71,966.93,8.85,8.5114,42.4887
Lahore,PK,31.5497,74.3436,6,34.77,38.48,966.8,18.53,15.0589,72.2825
Johannesburg,ZA,-26.2041,28.0473,5,14.74,46.19,832.1,3.29,5.8276,29.0916
Moscow,RU,55.7558,37.6173,10,8.05,76.27,1009.06,4.12,6.3225,28.2455
Casablanca,MA,33.5731,-7.5898,5,20.04,79.48,1010.48,16.38,13.7655,68.7175
Kuala Lumpur,MY,3.139,101.6869,9,27.24,86.64,1011.43,24.81,22.6129,99.8588
Bangalore,IN,12.9716,77.5946,2,21.31,48.2,909.58,9.91,8.9872,46.1272
Beijing,CN,39.9042,116.4074,7,29.58,83.4,999.89,26.46,24.7487,114.0421
Mexico City,MX,19.4326,-99.1332,4,18.07,45.86,775.95,6.22,7.071,36.2921
New York,US,40.7128,-74.006,2,2.74,60.15,1015.41,-4.21,3.5166,18.0494
Tokyo,JP,35.6762,139.6503,4,14.33,65.17,1013.28,7.88,8.0188,41.157
Lahore,PK,31.5497,74.3436,5,35.56,29.94,966.97,15.25,12.2066,60.9356
Hong Kong,HK,22.3193,114.1694,4,28.33,79.92,1009.47,24.52,22.143,113.6501
Hyderabad,IN,17.385,78.4867,11,19.09,56.55,956.12,10.25,9.2606,42.6726
Cairo,EG,30.0444,31.2357,3,19.29,52.45,1015.35,9.31,8.6902,45.0502
Bangkok,TH,13.7563,100.5018,9,26.98,83.45,1007.09,23.93,21.4608,94.771
Delhi,IN,28.6139,77.209,11,13.0,71.08,1014.26,7.88,8.0597,37.1391
São Paulo,BR,-23.5505,-46.6333,1,25.79,79.47,925.52,21.96,19.127,95.4819
Tokyo,JP,35.6762,139.6503,12,5.46,49.27,1017.92,-4.33,3.4511,16.5654
Istanbul,TR,41.0082,28.9784,12,7.46,77.43,1017.93,3.77,6.1811,29.6694
Colombo,LK,6.9271,79.8612,9,26.44,92.16,1013.02,25.06,22.9999,101.5675
Miami,US,25.7617,-80.1918,3,24.67,75.83,1017.86,20.11,17.1407,88.8572
London,GB,51.5074,-0.1278,11,8.17,79.02,1011.13,4.75,6.6039,30.4309
Istanbul,TR,41.0082,28.9784,2,8.18,77.42,1020.2,4.47,6.4758,33.2375
Hyderabad,IN,17.385,78.4867,1,21.56,71.01,954.25,16.07,13.4314,67.0495
Singapore,SG,1.3521,103.8198,12,24.18,88.84,1009.07,22.22,19.5271,93.73
Moscow,RU,55.7558,37.6173,11,-2.64,79.11,1016.12,-5.75,3.1922,14.7096
Miami,US,25.7617,-80.1918,10,27.05,79.53,1022.67,23.2,20.5348,91.7383
Miami,US,25.7617,-80.1918,9,27.0,75.38,1017.43,22.26,19.4064,85.6986
Melbourne,AU,-37.8136,144.9631,6,15.59,76.96,1016.43,11.56,10.2225,49.0679
Jakarta,ID,-6.2088,106.8456,9,28.14,85.08,1008.01,25.39,23.335,103.0473
Sydney,AU,-33.8688,151.2093,11,18.4,58.18,1013.82,10.03,9.1511,42.1683
Amman,JO,31.9454,35.9284,7,28.4,28.27,918.87,8.26,7.863,36.2327
Jakarta,ID,-6.2088,106.8456,2,26.89,76.02,1008.73,22.29,19.4542,99.8497
Johannesburg,ZA,-26.2041,28.0473,10,20.65,56.28,830.18,11.63,10.0982,45.113
Sydney,AU,-33.8688,151.2093,9,11.56,73.49,1013.67,6.98,7.6149,33.6274
New York,US,40.7128,-74.006,5,24.27,63.55,1012.56,16.9,14.0399,70.0873
Mumbai,IN,19.076,72.8777,8,25.6,93.37,1005.27,24.45,22.2407,99.359
Lahore,PK,31.5497,74.3436,12,7.42,68.94,986.87,2.09,5.4878,26.3414
Rome,IT,41.9028,12.4964,5,15.19,65.32,1012.82,8.72,8.4682,42.2734
Anchorage,US,61.2181,-149.9003,8,11.56,68.78,1009.39,6.03,7.1303,31.8544
Bangalore,IN,12.9716,77.5946,12,20.7,66.05,911.74,14.13,11.8923,57.083
Addis Ababa,ET,9.032,38.7492,6,15.23,87.21,769.56,13.11,11.3349,54.4074
Kolkata,IN,22.5726,88.3639,5,33.53,72.7,996.64,27.94,26.657,133.0718
Singapore,SG,1.3521,103.8198,8,27.16,80.11,1006.21,23.42,20.8127,92.9797
Chicago,US,41.8781,-87.6298,5,14.72,49.0,1009.54,4.11,6.1731,30.816
Dhaka,BD,23.7104,90.4074,1,21.13,78.93,1011.68,17.32,14.5658,72.7122
Hong Kong,HK,22.3193,114.1694,12,19.98,69.81,1013.3,14.3,12.0484,57.8323
Houston,US,29.7604,-95.3698,1,10.68,67.66,1012.51,4.95,6.6365,33.1294
Beijing,CN,39.9042,116.4074,8,27.63,74.25,1008.41,22.62,19.7959,88.4373
Melbourne,AU,-37.8136,144.9631,2,24.42,56.38,1012.6,15.17,12.5645,64.4882
Rome,IT,41.9028,12.4964,9,27.51,59.82,1015.04,18.99,15.8437,69.9657
Rome,IT,41.9028,12.4964,4,16.81,60.47,1015.7,9.11,8.6476,44.3843
Colombo,LK,6.9271,79.8612,5,29.47,83.85,1009.0,26.44,24.7236,123.4201
Chicago,US,41.8781,-87.6298,3,5.71,67.21,1014.88,0.11,4.7858,24.8094
São Paulo,BR,-23.5505,-46.6333,6,13.33,71.01,933.25,8.18,8.2168,39.4405
Riyadh,SA,24.6877,46.7219,12,15.31,47.65,941.77,4.26,6.2238,29.8741
Cairo,EG,30.0444,31.2357,10,23.57,55.7,1006.7,14.19,11.8251,52.8282
Jaipur,IN,26.9124,75.7873,12,12.66,66.81,965.08,6.65,7.4137,35.5859
Miami,US,25.7617,-80.1918,11,25.82,62.62,1013.92,18.13,15.0999,69.5805
Tokyo,JP,35.6762,139.6503,5,19.98,57.77,1015.97,11.4,9.9678,49.7594
Riyadh,SA,24.6877,46.7219,8,40.05,7.8,925.27,-0.84,4.0018,17.8778
Chennai,IN,13.0827,80.2707,10,29.1,82.33,1008.23,25.77,23.7992,106.3216
Mumbai,IN,19.076,72.8777,4,28.82,69.97,1007.25,22.78,19.9165,102.2226
Chicago,US,41.8781,-87.6298,8,21.93,72.54,1008.06,16.76,14.0172,62.621
Houston,US,29.7604,-95.3698,8,32.71,83.06,1015.2,29.44,29.1557,130.2516
Sydney,AU,-33.8688,151.2093,9,17.21,59.32,1012.92,9.2,8.6866,38.3599
Hong Kong,HK,22.3193,114.1694,12,17.11,70.89,1017.32,11.79,10.3244,49.5571
Bangalore,IN,12.9716,77.5946,10,24.44,78.7,910.83,20.49,17.5584,78.4411
São Paulo,BR,-23.5505,-46.6333,6,17.42,76.87,931.45,13.32,11.4052,54.7448
Lahore,PK,31.5497,74.3436,7,30.24,70.44,970.37,24.25,21.661,99.814
Dubai,AE,25.2048,55.2708,1,19.99,68.46,1019.73,14.01,11.8243,59.027
Singapore,SG,1.3521,103.8198,7,23.86,81.03,1007.88,20.4,17.4918,80.6023
Paris,FR,48.8566,2.3522,8,21.34,69.37,1012.76,15.5,12.9611,57.9029
Casablanca,MA,33.5731,-7.5898,11,17.41,83.4,1014.31,14.57,12.3637,56.9721
Hong Kong,HK,22.3193,114.1694,11,22.53,60.93,1015.76,14.6,12.1874,56.1596
Buenos Aires,AR,-34.6037,-58.3816,12,22.92,58.97,1010.6,14.46,12.0652,57.9131
Miami,US,25.7617,-80.1918,12,26.8,71.8,1019.4,21.27,18.2847,87.7666
Tokyo,JP,35.6762,139.6503,2,0.87,43.48,1016.09,-10.15,2.2383,11.488
Bangkok,TH,13.7563,100.5018,2,26.16,77.79,1012.13,21.97,19.1176,98.1222
Berlin,DE,52.52,13.405,7,20.19,67.75,1008.12,14.03,11.8374,54.5468
Addis Ababa,ET,9.032,38.7492,9,14.95,81.42,765.67,11.79,10.4037,45.9428
Jakarta,ID,-6.2088,106.8456,7,27.37,66.31,1015.26,20.52,17.4252,80.2952
Hong Kong,HK,22.3193,114.1694,11,22.06,76.82,1014.77,17.79,14.9574,68.9235
Rio de Janeiro,BR,-22.9068,-43.1729,8,21.86,70.25,1013.0,16.19,13.5222,60.4097
Leh,IN,34.1526,77.577,9,18.11,38.67,653.8,3.81,5.9771,26.395
Chennai,IN,13.0827,80.2707,4,35.75,66.07,1000.58,28.41,27.2138,139.6765
Nairobi,KE,-1.2921,36.8219,9,18.31,70.38,835.52,12.82,11.006,48.6023
Lagos,NG,6.5244,3.3792,5,27.42,93.19,1003.27,26.22,24.5611,122.6092
Colombo,LK,6.9271,79.8612,11,28.99,85.73,1014.55,26.35,24.6267,113.4798
Lahore,PK,31.5497,74.3436,1,12.84,77.87,988.74,9.07,8.7391,43.6257
Addis Ababa,ET,9.032,38.7492,12,16.73,61.55,774.08,9.3,8.7587,42.0415
Dhaka,BD,23.7104,90.4074,1,12.99,83.42,1011.38,10.25,9.4521,47.1851
New York,US,40.7128,-74.006,10,13.42,64.58,1013.47,6.87,7.5113,33.5565
Jaipur,IN,26.9124,75.7873,8,31.77,73.6,946.07,26.45,24.5721,109.7747
Sydney,AU,-33.8688,151.2093,10,17.61,63.19,1016.6,10.53,9.4813,42.357
Addis Ababa,ET,9.032,38.7492,5,20.18,68.01,771.87,14.09,11.8775,59.2924
New York,US,40.7128,-74.006,2,1.91,46.36,1013.69,-8.38,2.5627,13.153
Kuala Lumpur,MY,3.139,101.6869,1,23.86,80.93,1012.4,20.38,17.4676,87.1985
Nairobi,KE,-1.2921,36.8219,1,18.38,60.31,831.9,10.54,9.4688,47.2684
Casablanca,MA,33.5731,-7.5898,12,11.19,89.67,1008.83,9.56,9.0799,43.5836
Berlin,DE,52.52,13.405,5,19.65,64.02,1014.69,12.65,10.8356,54.0912
Berlin,DE,52.52,13.405,1,3.05,83.49,1016.02,0.53,4.9816,24.8682
Lahore,PK,31.5497,74.3436,12,12.6,69.82,985.22,7.24,7.7215,37.0631
Anchorage,US,61.2181,-149.9003,3,-0.41,71.33,1010.96,-4.96,3.3624,17.4305
Houston,US,29.7604,-95.3698,6,31.03,77.74,1012.61,26.68,24.9513,119.7663
London,GB,51.5074,-0.1278,2,5.48,85.84,1021.76,3.3,6.0199,30.8977
Leh,IN,34.1526,77.577,4,10.16,35.85,650.0,-4.3,3.4023,17.4624
Bangalore,IN,12.9716,77.5946,1,16.34,67.1,916.63,10.22,9.3301,46.5761
Hong Kong,HK,22.3193,114.1694,2,13.84,88.08,1011.26,11.9,10.5181,53.9848
Sydney,AU,-33.8688,151.2093,1,20.11,65.25,1012.81,13.38,11.3474,56.6463
Tokyo,JP,35.6762,139.6503,8,25.18,78.5,1007.88,21.17,18.2573,81.5636
Moscow,RU,55.7558,37.6173,4,10.64,69.61,1011.88,5.32,6.8109,34.9571
Tokyo,JP,35.6762,139.6503,7,24.83,76.43,1010.58,20.4,17.4352,80.3416
Jaipur,IN,26.9124,75.7873,11,16.65,53.78,965.27,7.24,7.6186,35.1066
Kuala Lumpur,MY,3.139,101.6869,8,22.29,85.03,1011.57,19.65,16.7832,74.9779
Mumbai,IN,19.076,72.8777,11,23.74,68.76,1013.59,17.65,14.7445,67.9427
Lagos,NG,6.5244,3.3792,10,27.42,79.66,1003.68,23.58,20.9945,93.7919
Dhaka,BD,23.7104,90.4074,5,31.09,83.79,999.62,28.02,26.9809,134.6889
Bangalore,IN,12.9716,77.5946,11,19.13,70.86,912.44,13.72,11.6369,53.6231
Bangkok,TH,13.7563,100.5018,1,25.61,70.46,1014.41,19.83,16.7902,83.8168
Riyadh,SA,24.6877,46.7219,9,41.56,12.27,925.56,6.68,6.791,29.9889
Colombo,LK,6.9271,79.8612,5,29.31,83.91,1010.32,26.3,24.5365,122.4862
Addis Ababa,ET,9.032,38.7492,1,15.91,57.04,776.3,7.41,7.7251,38.5636
Moscow,RU,55.7558,37.6173,7,19.48,76.51,1009.6,15.24,12.8219,59.0834
Los Angeles,US,34.0522,-118.2437,7,22.42,63.67,1010.24,15.19,12.6596,58.3355
Chicago,US,41.8781,-87.6298,7,24.49,49.46,1012.54,13.21,11.0683,51.0029
Colombo,LK,6.9271,79.8612,6,27.14,89.44,1006.2,25.24,23.2069,111.3931
Jaipur,IN,26.9124,75.7873,8,29.13,75.5,950.84,24.35,21.8609,97.6622
Chicago,US,41.8781,-87.6298,4,12.42,59.05,1015.33,4.64,6.4588,33.1501
Johannesburg,ZA,-26.2041,28.0473,3,17.91,58.75,822.01,9.72,8.974,46.5213
Colombo,LK,6.9271,79.8612,6,29.71,81.39,1007.08,26.17,24.3233,116.7518
Delhi,IN,28.6139,77.209,3,26.36,62.69,1010.66,18.66,15.5813,80.7737
Karachi,PK,24.8607,67.0011,6,29.16,67.73,997.02,22.57,19.6424,94.2835
Paris,FR,48.8566,2.3522,9,11.89,65.42,1009.01,5.62,6.9235,30.5742
São Paulo,BR,-23.5505,-46.6333,11,21.7,77.76,925.72,17.64,14.8319,68.3454
Lagos,NG,6.5244,3.3792,6,28.55,75.43,1010.05,23.77,21.1607,101.5715
Chicago,US,41.8781,-87.6298,2,-2.41,75.22,1014.85,-6.19,3.0847,15.8324
Miami,US,25.7617,-80.1918,1,19.26,69.63,1020.01,13.56,11.5163,57.4895
Leh,IN,34.1526,77.577,8,20.03,53.78,647.21,10.37,9.3074,41.5803
Paris,FR,48.8566,2.3522,6,20.43,65.13,1012.7,13.65,11.5361,55.3734
Hong Kong,HK,22.3193,114.1694,8,31.43,89.77,1005.85,29.54,29.4367,131.507
Nairobi,KE,-1.2921,36.8219,2,20.1,68.7,834.2,14.16,11.9392,61.2785
Tokyo,JP,35.6762,139.6503,9,25.88,79.09,1012.95,21.97,19.1303,84.4795
Leh,IN,34.1526,77.577,7,22.86,31.45,647.75,5.04,6.412,29.5463
Chicago,US,41.8781,-87.6298,2,-0.08,66.0,1016.54,-5.67,3.182,16.332
Kolkata,IN,22.5726,88.3639,10,31.13,69.37,1012.44,24.84,22.3749,99.9588
Nairobi,KE,-1.2921,36.8219,9,18.31,71.52,835.37,13.06,11.1825,49.3819
Los Angeles,US,34.0522,-118.2437,6,22.13,71.01,1011.58,16.62,13.8854,66.6501
Los Angeles,US,34.0522,-118.2437,8,29.33,54.28,1008.1,19.12,15.8856,70.9682
São Paulo,BR,-23.5505,-46.6333,2,20.27,79.08,925.99,16.53,13.8851,71.2662
Sydney,AU,-33.8688,151.2093,4,16.29,61.64,1009.12,8.91,8.5463,43.8644
Beijing,CN,39.9042,116.4074,8,24.02,75.83,1004.56,19.48,16.5156,73.7826
Lahore,PK,31.5497,74.3436,5,39.22,28.0,972.56,17.32,13.7766,68.7727
London,GB,51.5074,-0.1278,8,15.41,64.03,1011.13,8.64,8.4151,37.5942
Hong Kong,HK,22.3193,114.1694,7,28.26,86.05,1004.51,25.69,23.7474,109.4279
Leh,IN,34.1526,77.577,2,-6.13,47.21,646.63,-15.54,1.4841,7.6171
Los Angeles,US,34.0522,-118.2437,12,14.28,57.66,1014.65,6.04,7.0729,33.9498
Kathmandu,NP,27.7172,85.324,9,17.61,84.04,854.26,14.88,12.6081,55.6773
Paris,FR,48.8566,2.3522,6,15.95,69.7,1014.51,10.42,9.4665,45.4392
Hyderabad,IN,17.385,78.4867,10,22.9,72.32,953.72,17.64,14.7764,66.0128
Kolkata,IN,22.5726,88.3639,11,17.71,66.12,1014.36,11.3,9.9781,45.9793
Los Angeles,US,34.0522,-118.2437,2,9.51,67.77,1014.45,3.85,6.1713,31.6747
Hyderabad,IN,17.385,78.4867,10,26.02,74.44,951.89,21.11,18.1523,81.0946
Karachi,PK,24.8607,67.0011,4,25.87,72.46,1007.39,20.53,17.5171,89.9076
Buenos Aires,AR,-34.6037,-58.3816,10,17.65,75.2,1012.76,13.2,11.3089,50.522
Kuala Lumpur,MY,3.139,101.6869,5,27.05,77.76,1004.02,22.82,20.0758,100.2183
Tokyo,JP,35.6762,139.6503,4,16.22,60.53,1014.99,8.57,8.3519,42.8664
Chennai,IN,13.0827,80.2707,5,34.25,74.65,1004.13,29.08,28.4308,141.9268
Dhaka,BD,23.7104,90.4074,2,25.03,66.5,1007.33,18.35,15.3398,78.7323
Rome,IT,41.9028,12.4964,7,25.86,40.45,1004.83,11.39,9.777,45.0526
Nairobi,KE,-1.2921,36.8219,12,22.79,70.46,835.5,17.13,14.3112,68.6936
São Paulo,BR,-23.5505,-46.6333,5,20.49,64.97,927.16,13.67,11.5485,57.65
Houston,US,29.7604,-95.3698,9,26.39,78.24,1016.63,22.28,19.4705,85.9817
Los Angeles,US,34.0522,-118.2437,3,16.92,68.26,1012.63,11.02,9.8233,50.9242
Dhaka,BD,23.7104,90.4074,4,28.86,69.23,1006.29,22.65,19.752,101.3783
Shanghai,CN,31.2304,121.4737,2,3.29,71.79,1015.25,-1.31,4.3538,22.3461
Dhaka,BD,23.7104,90.4074,3,25.64,62.49,1009.77,17.93,14.9193,77.3417
Los Angeles,US,34.0522,-118.2437,1,18.68,61.35,1012.26,11.09,9.8091,48.967
Paris,FR,48.8566,2.3522,11,9.07,95.26,1008.46,8.35,8.433,38.8593
New York,US,40.7128,-74.006,6,18.67,66.07,1010.07,12.2,10.5541,50.6595
Hong Kong,HK,22.3193,114.1694,1,16.69,75.36,1014.35,12.3,10.6974,53.4014
Chennai,IN,13.0827,80.2707,1,24.05,70.09,1011.58,18.25,15.296,76.3579
Melbourne,AU,-37.8136,144.9631,6,12.67,72.19,1012.86,7.79,8.0169,38.4809
Anchorage,US,61.2181,-149.9003,3,-7.29,79.73,1014.66,-10.19,2.3021,11.934
Melbourne,AU,-37.8136,144.9631,8,13.1,71.48,1014.39,8.06,8.1554,36.4338
Colombo,LK,6.9271,79.8612,9,25.82,83.85,1010.53,22.87,20.2133,89.2621
Hong Kong,HK,22.3193,114.1694,9,31.63,73.21,1008.63,26.23,24.256,107.1143
Mexico City,MX,19.4326,-99.1332,12,11.37,53.94,781.43,2.38,5.5243,26.5166
Riyadh,SA,24.6877,46.7219,1,18.76,36.48,941.71,3.56,5.8609,29.2574
Casablanca,MA,33.5731,-7.5898,8,26.51,62.61,1013.13,18.78,15.6852,70.0729
Hyderabad,IN,17.385,78.4867,6,35.24,75.22,940.83,30.17,30.1715,144.8231
Berlin,DE,52.52,13.405,6,19.33,71.24,1009.77,13.98,11.8327,56.7969
Kathmandu,NP,27.7172,85.324,7,25.95,94.04,848.47,24.91,22.8394,105.2442
Sydney,AU,-33.8688,151.2093,8,13.82,60.87,1014.73,6.4,7.2591,32.4295
Istanbul,TR,41.0082,28.9784,10,22.79,77.04,1016.31,18.55,15.6486,69.9095
Nairobi,KE,-1.2921,36.8219,3,19.81,61.89,833.53,12.29,10.5762,54.8268
Singapore,SG,1.3521,103.8198,1,21.09,92.75,1014.21,19.87,17.0784,85.2552
Miami,US,25.7617,-80.1918,5,29.75,60.97,1008.6,21.4,18.2556,91.1319
Melbourne,AU,-37.8136,144.9631,10,11.46,56.53,1010.95,3.13,5.8236,26.0165
Moscow,RU,55.7558,37.6173,11,1.29,86.97,1011.32,-0.64,4.6072,21.2299
Los Angeles,US,34.0522,-118.2437,5,14.4,68.05,1004.04,8.58,8.4103,41.9843
Chicago,US,41.8781,-87.6298,1,-5.21,72.47,1019.72,-9.37,2.4352,12.1564
Shanghai,CN,31.2304,121.4737,11,14.99,76.45,1015.68,10.88,9.7934,45.1278
Berlin,DE,52.52,13.405,12,0.89,79.03,1015.64,-2.33,4.0748,19.5588
Johannesburg,ZA,-26.2041,28.0473,5,15.51,45.3,833.26,3.72,5.9896,29.9002
Melbourne,AU,-37.8136,144.9631,8,8.97,54.3,1012.7,0.24,4.7778,21.3445
Moscow,RU,55.7558,37.6173,2,-3.89,86.54,1015.59,-5.8,3.1956,16.4018
Addis Ababa,ET,9.032,38.7492,2,13.55,56.74,769.81,5.13,6.6532,34.148
Chennai,IN,13.0827,80.2707,4,35.3,61.27,1010.88,26.69,24.6509,126.5218
Rome,IT,41.9028,12.4964,2,8.44,73.15,1017.44,3.91,6.2198,31.9234
Mumbai,IN,19.076,72.8777,1,27.72,71.7,1014.29,22.13,19.2083,95.8879
Nairobi,KE,-1.2921,36.8219,2,19.3,65.52,832.95,12.67,10.8655,55.7678
Kuala Lumpur,MY,3.139,101.6869,5,28.15,84.58,1006.31,25.3,23.206,115.8446
Lagos,NG,6.5244,3.3792,5,27.59,81.62,1005.69,24.16,21.7174,108.4134
Rio de Janeiro,BR,-22.9068,-43.1729,12,23.55,83.21,1008.33,20.53,17.6473,84.7071
Lagos,NG,6.5244,3.3792,8,27.43,84.08,1013.94,24.5,22.1764,99.0718
Kuala Lumpur,MY,3.139,101.6869,10,32.54,92.7,1007.6,31.2,32.2542,144.0941
Kathmandu,NP,27.7172,85.324,6,22.18,70.04,850.82,16.45,13.737,65.9376
Chicago,US,41.8781,-87.6298,10,10.74,65.42,1016.17,4.52,6.4381,28.7618
Buenos Aires,AR,-34.6037,-58.3816,8,13.27,72.88,1018.58,8.51,8.4021,37.536
Karachi,PK,24.8607,67.0011,9,33.6,82.38,1005.59,30.17,30.3154,133.8728
Mexico City,MX,19.4326,-99.1332,6,14.0,78.02,777.82,10.22,9.4053,45.1456
Lahore,PK,31.5497,74.3436,6,36.97,43.98,969.77,22.66,19.2889,92.5868
Lahore,PK,31.5497,74.3436,4,23.04,33.72,977.78,6.2,6.9462,35.6516
Karachi,PK,24.8607,67.0011,4,32.38,59.61,1011.28,23.49,20.5611,105.5309
Buenos Aires,AR,-34.6037,-58.3816,8,9.79,64.33,1020.8,3.38,5.9636,26.6419
Anchorage,US,61.2181,-149.9003,9,6.1,68.55,1007.82,0.75,5.0086,22.1179
Tokyo,JP,35.6762,139.6503,7,28.88,71.79,1007.27,23.26,20.5032,94.4788
Dubai,AE,25.2048,55.2708,5,34.94,45.8,1009.34,21.5,18.081,90.2602
Shanghai,CN,31.2304,121.4737,10,21.2,65.39,1012.31,14.45,12.1175,54.1341
Addis Ababa,ET,9.032,38.7492,2,18.07,39.6,768.31,4.11,6.1063,31.3408
Sydney,AU,-33.8688,151.2093,5,13.88,63.7,1010.93,7.12,7.6265,38.0716
Bangkok,TH,13.7563,100.5018,11,28.45,71.39,1012.14,22.75,19.908,91.7358
Leh,IN,34.1526,77.577,10,11.57,46.75,648.24,0.57,4.8492,21.6637
Miami,US,25.7617,-80.1918,12,21.47,78.87,1016.22,17.65,14.8484,71.2722
Lagos,NG,6.5244,3.3792,3,28.44,85.75,1008.95,25.81,23.9052,123.9244
Houston,US,29.7604,-95.3698,4,22.11,72.2,1013.87,16.86,14.1014,72.3763
Bangalore,IN,12.9716,77.5946,7,20.42,86.12,908.98,18.02,15.2497,70.2708
Kuala Lumpur,MY,3.139,101.6869,1,23.99,82.11,1005.7,20.74,17.8546,89.1303
Jaipur,IN,26.9124,75.7873,2,19.36,61.94,967.08,11.88,10.3093,52.9128
Los Angeles,US,34.0522,-118.2437,4,16.69,62.59,1010.97,9.51,8.886,45.6079
Buenos Aires,AR,-34.6037,-58.3816,3,23.72,67.17,1013.12,17.26,14.3865,74.5796
Colombo,LK,6.9271,79.8612,2,25.73,75.22,1012.05,21.0,18.0401,92.5918
Shanghai,CN,31.2304,121.4737,7,25.56,79.42,1007.65,21.73,18.874,86.9713
Tokyo,JP,35.6762,139.6503,5,14.58,66.4,1015.15,8.39,8.2978,41.4227
Chicago,US,41.8781,-87.6298,5,13.97,62.85,1009.73,7.0,7.5644,37.7616
Jakarta,ID,-6.2088,106.8456,5,26.87,77.92,1009.67,22.68,19.9164,99.4229
Mumbai,IN,19.076,72.8777,10,29.06,83.41,1009.27,25.95,24.0545,107.4622
Nairobi,KE,-1.2921,36.8219,11,16.42,85.76,833.06,14.02,11.9766,55.1884
Los Angeles,US,34.0522,-118.2437,1,14.59,60.81,1016.47,7.11,7.602,37.9491
Colombo,LK,6.9271,79.8612,1,24.95,74.15,1013.39,20.02,17.0246,84.9869
Singapore,SG,1.3521,103.8198,3,26.51,89.35,1011.84,24.61,22.3879,116.0586
Rome,IT,41.9028,12.4964,1,7.64,78.21,1014.97,4.09,6.3148,31.5237
Anchorage,US,61.2181,-149.9003,7,17.19,67.1,1010.2,11.03,9.8196,45.2486
Mumbai,IN,19.076,72.8777,12,26.55,76.07,1017.48,21.97,19.1003,91.6815
Bangkok,TH,13.7563,100.5018,1,23.73,73.54,1011.89,18.71,15.7588,78.668
Casablanca,MA,33.5731,-7.5898,3,15.87,67.9,1013.83,9.95,9.1769,47.573
São Paulo,BR,-23.5505,-46.6333,6,14.84,65.65,933.95,8.47,8.3356,40.0111
Hong Kong,HK,22.3193,114.1694,9,28.42,74.34,1015.4,23.4,20.6988,91.4058
Kathmandu,NP,27.7172,85.324,1,9.04,74.3,860.1,4.71,6.5664,32.7793
Beijing,CN,39.9042,116.4074,8,23.37,78.91,1006.36,19.5,16.5698,74.0246
Tokyo,JP,35.6762,139.6503,1,7.26,56.63,1015.76,-0.78,4.4633,22.2806
Los Angeles,US,34.0522,-118.2437,8,28.09,57.6,1013.93,18.92,15.7491,70.3582
Karachi,PK,24.8607,67.0011,5,30.91,66.88,1004.09,24.02,21.3235,106.4471
Tokyo,JP,35.6762,139.6503,10,22.53,68.68,1012.48,16.48,13.7432,61.3968
Kolkata,IN,22.5726,88.3639,8,25.26,87.63,997.84,23.06,20.4771,91.4803
Cairo,EG,30.0444,31.2357,10,26.83,42.67,1013.13,13.06,10.8816,48.6129
Los Angeles,US,34.0522,-118.2437,1,12.36,64.54,1013.09,5.87,7.0334,35.1108
Delhi,IN,28.6139,77.209,6,36.42,42.73,994.27,21.69,18.2191,87.4518
Houston,US,29.7604,-95.3698,2,15.91,70.95,1016.11,10.64,9.6082,49.3147
Buenos Aires,AR,-34.6037,-58.3816,12,26.05,68.09,1009.32,19.69,16.625,79.8
Leh,IN,34.1526,77.577,12,-0.99,51.6,655.26,-9.69,2.3361,11.2133
Houston,US,29.7604,-95.3698,7,30.28,72.38,1015.12,24.74,22.3037,102.7756
Amman,JO,31.9454,35.9284,1,11.13,73.57,925.79,6.59,7.4243,37.0622
Shanghai,CN,31.2304,121.4737,5,21.29,73.04,1012.69,16.26,13.6078,67.9302
Lahore,PK,31.5497,74.3436,8,31.13,73.78,972.03,25.88,23.8085,106.363
Tokyo,JP,35.6762,139.6503,6,23.2,70.39,1007.51,17.51,14.6356,70.2511
São Paulo,BR,-23.5505,-46.6333,5,15.21,72.48,927.94,10.29,9.4084,46.9666
Amman,JO,31.9454,35.9284,11,15.02,50.19,919.72,4.73,6.4402,29.6765
Lahore,PK,31.5497,74.3436,7,30.06,66.87,970.93,23.21,20.361,93.8233
Lagos,NG,6.5244,3.3792,7,27.25,80.45,1009.16,23.58,21.0003,96.7695
Beijing,CN,39.9042,116.4074,7,25.67,76.01,1006.86,21.12,18.1757,83.7534
Sydney,AU,-33.8688,151.2093,3,20.65,62.67,1011.45,13.27,11.2445,58.2915
London,GB,51.5074,-0.1278,1,9.45,84.43,1013.92,6.95,7.6557,38.2173
London,GB,51.5074,-0.1278,12,3.43,83.58,1015.44,0.92,5.1187,24.5696
Rome,IT,41.9028,12.4964,6,22.62,46.66,1011.44,10.61,9.3831,45.0387
Casablanca,MA,33.5731,-7.5898,12,10.19,72.76,1017.12,5.52,6.9195,33.2138
Riyadh,SA,24.6877,46.7219,3,21.84,31.3,937.38,4.09,6.0202,31.2089
Addis Ababa,ET,9.032,38.7492,6,14.66,74.06,770.15,10.09,9.299,44.635
Kolkata,IN,22.5726,88.3639,2,21.59,69.83,1017.43,15.84,13.2322,67.9149
Houston,US,29.7604,-95.3698,3,17.82,66.64,1013.99,11.53,10.1249,52.4876
Moscow,RU,55.7558,37.6173,4,8.4,66.64,1010.77,2.55,5.652,29.0094
Jakarta,ID,-6.2088,106.8456,8,27.68,70.57,1015.53,21.83,18.8644,84.2756
Nairobi,KE,-1.2921,36.8219,8,16.64,71.89,834.23,11.54,10.1731,45.4477
Moscow,RU,55.7558,37.6173,2,-4.39,86.75,1017.47,-6.26,3.0921,15.8706
Mexico City,MX,19.4326,-99.1332,4,18.51,49.02,772.54,7.6,7.7599,39.8281
Los Angeles,US,34.0522,-118.2437,6,21.89,66.24,1009.39,15.3,12.7746,61.3179
Moscow,RU,55.7558,37.6173,5,17.2,71.62,1011.9,12.02,10.484,52.3359
Bangkok,TH,13.7563,100.5018,8,31.61,76.82,1005.16,27.03,25.4262,113.5903
Lagos,NG,6.5244,3.3792,6,29.75,87.29,1008.22,27.4,26.1357,125.4511
Istanbul,TR,41.0082,28.9784,6,25.49,63.72,1010.59,18.1,15.0851,72.4085
Hyderabad,IN,17.385,78.4867,3,29.75,49.94,954.39,18.17,14.9524,77.5131
Casablanca,MA,33.5731,-7.5898,12,13.89,86.81,1013.26,11.73,10.399,49.915
Delhi,IN,28.6139,77.209,8,33.27,81.55,1000.51,29.67,29.4955,131.7695
Leh,IN,34.1526,77.577,2,-4.47,54.88,650.5,-12.16,1.9442,9.9785
Shanghai,CN,31.2304,121.4737,5,23.86,73.91,1007.87,18.92,15.9586,79.6651
Dubai,AE,25.2048,55.2708,5,28.76,48.99,1008.74,16.97,13.9015,69.3964
Karachi,PK,24.8607,67.0011,1,15.97,68.92,1019.56,10.26,9.3677,46.7636
Karachi,PK,24.8607,67.0011,4,29.38,60.46,1012.34,20.91,17.7407,91.0552
Bangalore,IN,12.9716,77.5946,12,17.61,69.73,912.99,12.01,10.4593,50.2045
Leh,IN,34.1526,77.577,5,12.92,33.74,645.9,-2.67,3.8068,19.0034
Chicago,US,41.8781,-87.6298,7,20.63,56.54,1013.45,11.68,10.1367,46.7099
Bangkok,TH,13.7563,100.5018,12,26.21,65.75,1014.51,19.28,16.2038,77.778
Kuala Lumpur,MY,3.139,101.6869,8,26.5,78.31,1014.69,22.41,19.6115,87.6131
Istanbul,TR,41.0082,28.9784,3,8.28,75.43,1016.91,4.19,6.3469,32.9026
Moscow,RU,55.7558,37.6173,1,-5.95,90.34,1015.76,-7.28,2.8763,14.3585
Hong Kong,HK,22.3193,114.1694,9,30.35,75.68,1009.18,25.56,23.4062,103.3616
Rome,IT,41.9028,12.4964,8,29.14,49.07,1014.72,17.33,14.2111,63.4873
Lahore,PK,31.5497,74.3436,2,13.13,67.54,990.07,7.26,7.7183,39.6144
Amman,JO,31.9454,35.9284,4,20.38,42.02,924.96,7.04,7.4231,38.0994
Lagos,NG,6.5244,3.3792,12,25.64,78.24,1005.39,21.55,18.6692,89.6122
Houston,US,29.7604,-95.3698,7,36.01,64.67,1009.27,28.28,27.0006,124.4186
Karachi,PK,24.8607,67.0011,11,20.83,72.18,1009.32,15.63,13.09,60.3186
Jakarta,ID,-6.2088,106.8456,5,26.15,81.68,1011.57,22.76,20.0594,100.1367
Kolkata,IN,22.5726,88.3639,3,24.49,53.32,1013.17,14.37,11.9302,61.8464
Casablanca,MA,33.5731,-7.5898,2,11.02,82.43,1017.1,8.14,8.2587,42.3882
Miami,US,25.7617,-80.1918,10,21.51,83.74,1018.99,18.63,15.7944,70.5607
Dhaka,BD,23.7104,90.4074,8,25.93,80.08,1005.65,22.22,19.4293,86.7995
São Paulo,BR,-23.5505,-46.6333,10,23.23,81.88,924.38,19.96,17.0569,76.2007
Sydney,AU,-33.8688,151.2093,6,13.96,70.43,1014.4,8.66,8.4682,40.6475
Kuala Lumpur,MY,3.139,101.6869,8,27.12,90.3,1006.38,25.39,23.4124,104.5939
Hyderabad,IN,17.385,78.4867,11,19.62,63.38,957.84,12.47,10.709,49.3473
Colombo,LK,6.9271,79.8612,3,31.12,70.81,1010.57,25.18,22.8325,118.3634
Kathmandu,NP,27.7172,85.324,12,10.75,64.35,858.62,4.29,6.3386,30.4251
Dubai,AE,25.2048,55.2708,1,21.04,79.32,1020.45,17.31,14.5585,72.6759
Lagos,NG,6.5244,3.3792,5,28.29,92.2,1004.0,26.9,25.4941,127.2667
Lahore,PK,31.5497,74.3436,5,33.79,41.13,968.8,18.73,15.2935,76.345
Cairo,EG,30.0444,31.2357,6,34.16,38.44,1005.19,17.97,14.571,69.9408
Houston,US,29.7604,-95.3698,2,16.33,74.45,1012.81,11.77,10.3429,53.0853
Jakarta,ID,-6.2088,106.8456,5,27.26,77.92,1009.88,23.06,20.3553,101.6135
Houston,US,29.7604,-95.3698,7,39.83,66.96,1010.68,32.5,33.9788,156.5742
Jaipur,IN,26.9124,75.7873,10,23.53,40.81,960.79,9.44,8.6464,38.6271
Rio de Janeiro,BR,-22.9068,-43.1729,1,29.12,84.01,1008.55,26.13,24.3019,121.3153
Delhi,IN,28.6139,77.209,12,14.12,83.5,1018.93,11.36,10.1415,48.6793
Tokyo,JP,35.6762,139.6503,3,7.45,43.67,1015.15,-4.11,3.4832,18.0571
Berlin,DE,52.52,13.405,10,14.3,80.04,1017.72,10.9,9.8305,43.9172
Mexico City,MX,19.4326,-99.1332,10,12.27,70.09,771.1,6.98,7.5939,33.9255
Kolkata,IN,22.5726,88.3639,12,18.13,60.81,1018.35,10.44,9.4078,45.1575
Lagos,NG,6.5244,3.3792,7,26.11,76.59,1007.81,21.66,18.768,86.4828
Sydney,AU,-33.8688,151.2093,2,22.4,64.13,1010.57,15.28,12.7329,65.3522
Dubai,AE,25.2048,55.2708,3,26.65,48.88,1016.85,15.0,12.3435,63.9887
Jaipur,IN,26.9124,75.7873,9,27.3,66.48,952.48,20.49,17.4027,76.8504
Berlin,DE,52.52,13.405,6,18.4,65.9,1008.66,11.91,10.3617,49.7359
São Paulo,BR,-23.5505,-46.6333,12,25.86,85.05,926.87,23.15,20.5564,98.6708
Cairo,EG,30.0444,31.2357,5,28.69,30.7,1006.34,9.73,8.6769,43.3149
Dubai,AE,25.2048,55.2708,3,27.54,59.12,1012.26,18.83,15.6862,81.3172
Leh,IN,34.1526,77.577,7,16.68,50.14,643.15,6.25,7.116,32.7906
New York,US,40.7128,-74.006,1,-2.88,60.14,1012.48,-9.52,2.3849,11.9055
Chicago,US,41.8781,-87.6298,3,3.54,71.17,1015.45,-1.18,4.39,22.758
Kathmandu,NP,27.7172,85.324,6,27.31,79.19,851.28,23.38,20.7438,99.5703
Beijing,CN,39.9042,116.4074,10,11.57,62.88,1012.47,4.74,6.5223,29.1382
Chicago,US,41.8781,-87.6298,8,17.81,60.05,1008.57,9.95,9.117,40.7298
Dhaka,BD,23.7104,90.4074,2,24.65,81.06,1010.81,21.18,18.3037,93.9447
Amman,JO,31.9454,35.9284,2,12.24,58.88,919.73,4.43,6.3665,32.6763
Leh,IN,34.1526,77.577,4,8.69,27.43,650.22,-9.07,2.3692,12.1598
Paris,FR,48.8566,2.3522,8,21.96,59.87,1014.22,13.79,11.589,51.7733
Beijing,CN,39.9042,116.4074,7,26.43,78.72,1007.54,22.43,19.6378,90.4912
New York,US,40.7128,-74.006,9,25.17,69.26,1015.5,19.13,16.0978,71.0877
Amman,JO,31.9454,35.9284,7,30.52,29.3,920.59,10.61,9.1487,42.1573
Riyadh,SA,24.6877,46.7219,4,27.09,18.84,932.27,1.35,4.8734,25.013
Houston,US,29.7604,-95.3698,10,27.77,60.32,1013.3,19.37,16.2103,72.4185
Addis Ababa,ET,9.032,38.7492,12,15.89,66.33,773.8,9.62,8.9757,43.0835
Beijing,CN,39.9042,116.4074,5,20.04,50.98,1007.2,9.58,8.8278,44.0682
Buenos Aires,AR,-34.6037,-58.3816,7,6.98,75.63,1016.84,2.97,5.8508,26.9605
Hyderabad,IN,17.385,78.4867,7,29.99,65.54,940.9,22.82,19.8875,91.6417
Bangkok,TH,13.7563,100.5018,11,25.74,85.28,1007.79,23.07,20.4636,94.2964
Sydney,AU,-33.8688,151.2093,2,24.41,65.21,1012.48,17.45,14.5267,74.5589
Kuala Lumpur,MY,3.139,101.6869,12,27.24,79.5,1007.59,23.37,20.7412,99.5578
Miami,US,25.7617,-80.1918,4,27.95,64.71,1011.74,20.67,17.5558,90.1063
Nairobi,KE,-1.2921,36.8219,10,22.55,73.24,839.88,17.51,14.67,65.5372
Buenos Aires,AR,-34.6037,-58.3816,8,12.81,63.92,1016.83,6.16,7.1637,32.0033
Casablanca,MA,33.5731,-7.5898,2,13.68,70.77,1019.25,8.47,8.3663,42.9405
Mexico City,MX,19.4326,-99.1332,10,15.88,66.4,772.83,9.63,8.9796,40.1157
Bangkok,TH,13.7563,100.5018,12,23.92,71.55,1014.4,18.46,15.4988,74.3944
Dhaka,BD,23.7104,90.4074,8,30.68,92.71,998.85,29.36,29.1983,130.442
Dubai,AE,25.2048,55.2708,12,21.94,59.4,1014.77,13.66,11.4875,55.1399
London,GB,51.5074,-0.1278,7,13.96,67.34,1013.57,8.01,8.1,37.3246
Jakarta,ID,-6.2088,106.8456,3,27.65,77.6,1010.2,23.38,20.7197,107.4111
Lahore,PK,31.5497,74.3436,9,31.82,69.08,974.76,25.43,23.129,102.1378
Leh,IN,34.1526,77.577,8,21.69,45.74,647.48,9.47,8.7199,38.9555
London,GB,51.5074,-0.1278,10,12.96,73.2,1014.32,8.27,8.2755,36.9704
Hyderabad,IN,17.385,78.4867,1,24.8,71.57,951.06,19.3,16.2917,81.3282
Chennai,IN,13.0827,80.2707,3,33.99,63.43,1011.91,26.04,23.8204,123.485
Johannesburg,ZA,-26.2041,28.0473,7,7.1,43.99,834.98,-4.33,3.4299,15.805
Dhaka,BD,23.7104,90.4074,10,27.13,78.98,1011.98,23.16,20.4848,91.5146
Mexico City,MX,19.4326,-99.1332,5,15.4,57.57,771.39,7.07,7.5609,37.7438
Chennai,IN,13.0827,80.2707,5,37.39,65.27,1004.61,29.74,29.2491,146.0117
Anchorage,US,61.2181,-149.9003,2,-5.23,68.89,1007.37,-10.03,2.3116,11.8645
Chicago,US,41.8781,-87.6298,1,-2.53,64.28,1014.15,-8.34,2.6135,13.0467
Kathmandu,NP,27.7172,85.324,1,8.73,64.14,856.51,2.34,5.5582,27.7463
Kolkata,IN,22.5726,88.3639,5,32.52,64.0,999.35,24.81,22.244,111.0418
Delhi,IN,28.6139,77.209,9,26.43,71.19,1002.08,20.78,17.7621,78.4373
Buenos Aires,AR,-34.6037,-58.3816,10,23.7,72.0,1010.57,18.35,15.4048,68.8202
Chicago,US,41.8781,-87.6298,2,-2.26,61.86,1014.72,-8.57,2.5645,13.1623
Shanghai,CN,31.2304,121.4737,9,27.0,80.63,1011.85,23.38,20.7616,91.6834
Rio de Janeiro,BR,-22.9068,-43.1729,5,23.99,73.6,1012.72,18.98,16.0075,79.9096
Sydney,AU,-33.8688,151.2093,10,11.46,67.23,1017.23,5.59,6.9228,30.9271
Berlin,DE,52.52,13.405,8,19.18,59.07,1006.55,10.99,9.7259,43.4498
Delhi,IN,28.6139,77.209,1,8.19,80.69,1014.89,5.07,6.7505,33.6985
Colombo,LK,6.9271,79.8612,12,27.0,88.75,1011.03,24.98,22.8489,109.6748
Jakarta,ID,-6.2088,106.8456,8,25.22,70.79,1011.25,19.53,16.5045,73.7331
Miami,US,25.7617,-80.1918,6,29.19,85.2,1013.7,26.44,24.7457,118.7791
Rome,IT,41.9028,12.4964,4,17.31,63.13,1016.62,10.23,9.3045,47.7558
Buenos Aires,AR,-34.6037,-58.3816,7,11.74,81.73,1016.89,8.72,8.5662,39.4729
Rio de Janeiro,BR,-22.9068,-43.1729,7,22.88,68.11,1018.37,16.68,13.9045,64.0721
Casablanca,MA,33.5731,-7.5898,4,18.17,61.21,1010.26,10.57,9.4914,48.715
Riyadh,SA,24.6877,46.7219,11,25.02,31.76,941.92,7.05,7.3192,33.7267
Jaipur,IN,26.9124,75.7873,7,34.65,60.63,950.5,25.9,23.5747,108.6321
Sydney,AU,-33.8688,151.2093,6,9.43,67.87,1017.54,3.8,6.1487,29.5139
São Paulo,BR,-23.5505,-46.6333,2,26.21,70.42,927.99,20.39,17.3516,89.0578
Bangalore,IN,12.9716,77.5946,3,20.46,65.43,912.17,13.76,11.6154,60.2143
Melbourne,AU,-37.8136,144.9631,7,7.63,68.24,1017.17,2.15,5.506,25.3717
Hyderabad,IN,17.385,78.4867,12,21.14,65.48,957.23,14.41,12.0938,58.0503
London,GB,51.5074,-0.1278,12,6.77,76.94,1016.63,3.02,5.8744,28.197
Cairo,EG,30.0444,31.2357,7,33.08,38.26,1002.42,16.94,13.6993,63.1263
Singapore,SG,1.3521,103.8198,3,27.28,77.16,1012.57,22.92,20.1836,104.6319
Casablanca,MA,33.5731,-7.5898,6,22.3,64.64,1009.02,15.31,12.7655,61.2742
Singapore,SG,1.3521,103.8198,11,24.02,85.88,1006.0,21.5,18.7077,86.2051
Moscow,RU,55.7558,37.6173,10,5.8,77.32,1018.74,2.14,5.5389,24.7449
Kolkata,IN,22.5726,88.3639,11,23.25,74.22,1013.58,18.39,15.4713,71.2915
Karachi,PK,24.8607,67.0011,3,23.61,71.39,1010.53,18.13,15.1979,78.7858
New York,US,40.7128,-74.006,5,16.79,62.44,1008.43,9.57,8.918,44.5186
Lagos,NG,6.5244,3.3792,4,30.42,89.6,1008.04,28.51,27.8197,142.7859
Hong Kong,HK,22.3193,114.1694,3,17.16,76.92,1010.25,13.08,11.2337,58.2354
Kuala Lumpur,MY,3.139,101.6869,6,26.95,79.73,1008.36,23.14,20.4715,98.2632
Karachi,PK,24.8607,67.0011,11,24.71,67.29,1011.11,18.23,15.2398,70.225
Riyadh,SA,24.6877,46.7219,6,39.51,6.78,919.83,-3.12,3.3862,16.2536
Addis Ababa,ET,9.032,38.7492,8,10.25,84.78,771.93,7.8,8.0895,36.1396
Colombo,LK,6.9271,79.8612,4,30.83,79.58,1005.99,26.88,25.2617,129.6569
Cairo,EG,30.0444,31.2357,11,20.31,63.53,1017.15,13.16,11.1762,51.5
Shanghai,CN,31.2304,121.4737,3,9.14,74.59,1013.0,4.87,6.6348,34.3949
Kuala Lumpur,MY,3.139,101.6869,10,28.5,81.66,1007.46,25.05,22.8389,102.0315
Kathmandu,NP,27.7172,85.324,1,6.29,74.53,858.49,2.1,5.5133,27.5223
Istanbul,TR,41.0082,28.9784,7,23.29,57.74,1010.63,14.49,12.0675,55.6072
Cairo,EG,30.0444,31.2357,2,14.51,53.09,1017.33,5.06,6.6038,33.8944
Moscow,RU,55.7558,37.6173,3,-1.46,81.34,1013.24,-4.23,3.5656,18.4841
Beijing,CN,39.9042,116.4074,8,26.25,79.27,1005.6,22.37,19.5773,87.4607
Shanghai,CN,31.2304,121.4737,10,19.37,71.38,1015.27,14.05,11.8844,53.093
Buenos Aires,AR,-34.6037,-58.3816,12,21.79,53.44,1005.49,11.9,10.2458,49.18
Kuala Lumpur,MY,3.139,101.6869,9,28.14,89.94,1008.75,26.33,24.6641,108.9167
Anchorage,US,61.2181,-149.9003,2,-2.96,77.0,1012.07,-6.41,3.0385,15.5955
Rio de Janeiro,BR,-22.9068,-43.1729,11,22.2,79.16,1012.92,18.41,15.5378,71.598
Karachi,PK,24.8607,67.0011,8,26.95,88.74,1005.58,24.93,22.7914,101.8193
Kathmandu,NP,27.7172,85.324,3,14.2,51.39,858.78,4.31,6.2713,32.5105
Dhaka,BD,23.7104,90.4074,9,28.35,95.55,999.82,27.56,26.5019,117.0324
Bangalore,IN,12.9716,77.5946,9,22.87,86.22,909.69,20.44,17.5894,77.675
Buenos Aires,AR,-34.6037,-58.3816,7,10.64,72.84,1017.73,5.97,7.1236,32.8257
São Paulo,BR,-23.5505,-46.6333,6,14.6,73.11,930.53,9.83,9.1425,43.8842
New York,US,40.7128,-74.006,10,14.13,58.62,1015.7,6.14,7.1254,31.8326
Kathmandu,NP,27.7172,85.324,12,3.76,59.63,863.63,-3.36,3.7334,17.9202
Amman,JO,31.9454,35.9284,8,27.96,27.48,918.5,7.46,7.4591,33.3232
Istanbul,TR,41.0082,28.9784,4,13.06,76.06,1008.12,8.94,8.6567,44.431
Dubai,AE,25.2048,55.2708,1,18.17,73.32,1023.26,13.32,11.3739,56.7784
Miami,US,25.7617,-80.1918,9,29.52,84.83,1015.17,26.69,25.0902,110.7982
Houston,US,29.7604,-95.3698,3,19.22,67.17,1011.57,12.97,11.0835,57.4569
Tokyo,JP,35.6762,139.6503,2,8.94,45.84,1017.29,-2.11,4.0233,20.65
Rio de Janeiro,BR,-22.9068,-43.1729,3,23.99,75.11,1010.61,19.3,16.3298,84.6538
Berlin,DE,52.52,13.405,4,13.48,60.25,1014.69,5.92,7.0333,36.0988
Chennai,IN,13.0827,80.2707,6,36.7,56.0,1006.39,26.46,24.2281,116.2951
Miami,US,25.7617,-80.1918,5,27.65,78.67,1014.04,23.6,20.9974,104.8191
Buenos Aires,AR,-34.6037,-58.3816,1,26.78,66.42,1009.58,19.99,16.8994,84.362
Amman,JO,31.9454,35.9284,10,20.06,42.01,916.5,6.75,7.2865,32.552
Johannesburg,ZA,-26.2041,28.0473,4,18.19,51.86,825.54,8.13,8.0519,41.3268
Chennai,IN,13.0827,80.2707,9,29.22,70.93,1010.39,23.39,20.6329,91.115
Paris,FR,48.8566,2.3522,8,18.75,71.57,1012.27,13.5,11.4873,51.3191
Kathmandu,NP,27.7172,85.324,12,11.52,56.25,857.63,3.11,5.8161,27.9175
Amman,JO,31.9454,35.9284,2,8.71,71.8,921.6,3.91,6.2137,31.8922
Johannesburg,ZA,-26.2041,28.0473,9,10.22,44.86,828.48,-1.23,4.2739,18.8737
Miami,US,25.7617,-80.1918,2,24.2,76.92,1014.91,19.89,16.9273,86.8803
Hyderabad,IN,17.385,78.4867,12,15.58,74.29,953.79,11.02,9.8655,47.3546
Addis Ababa,ET,9.032,38.7492,8,11.29,89.83,772.87,9.68,9.1538,40.894
Dhaka,BD,23.7104,90.4074,2,24.74,69.01,1006.53,18.66,15.6582,80.3665
Mexico City,MX,19.4326,-99.1332,3,12.88,43.85,777.21,0.88,4.9346,25.5808
Miami,US,25.7617,-80.1918,12,17.32,76.12,1018.3,13.07,11.2214,53.8627
Rio de Janeiro,BR,-22.9068,-43.1729,12,23.4,86.07,1009.52,20.93,18.098,86.8703
Moscow,RU,55.7558,37.6173,3,1.78,86.51,1011.44,-0.22,4.7396,24.57
Riyadh,SA,24.6877,46.7219,3,22.71,33.87,939.21,5.97,6.8462,35.4904
Jaipur,IN,26.9124,75.7873,4,31.32,22.21,952.29,7.18,7.2412,37.1658
Jakarta,ID,-6.2088,106.8456,12,25.58,93.36,1010.82,24.42,22.2057,106.5873
Casablanca,MA,33.5731,-7.5898,12,14.96,76.3,1017.47,10.82,9.7562,46.8297
Moscow,RU,55.7558,37.6173,1,-6.92,94.72,1010.84,-7.63,2.8101,14.0278
Lagos,NG,6.5244,3.3792,1,30.07,79.8,1013.64,26.19,24.321,121.4103
Kathmandu,NP,27.7172,85.324,8,28.38,77.46,851.64,24.05,21.5283,96.1764
Delhi,IN,28.6139,77.209,8,34.82,87.06,1002.91,32.33,34.1516,152.5706
Jakarta,ID,-6.2088,106.8456,3,25.63,78.84,1012.03,21.68,18.8106,97.5141
Hong Kong,HK,22.3193,114.1694,7,32.19,80.37,1000.93,28.36,27.438,126.4344
Los Angeles,US,34.0522,-118.2437,3,18.5,63.54,1014.04,11.45,10.0517,52.1078
Melbourne,AU,-37.8136,144.9631,11,16.17,61.64,1014.54,8.8,8.4835,39.0919
Johannesburg,ZA,-26.2041,28.0473,5,12.37,42.17,826.71,-0.13,4.597,22.9482
Istanbul,TR,41.0082,28.9784,12,8.55,77.52,1016.69,4.85,6.6393,31.8686
Beijing,CN,39.9042,116.4074,3,5.02,45.13,1016.99,-5.89,3.0704,15.9168
Paris,FR,48.8566,2.3522,4,14.34,67.04,1010.74,8.3,8.2547,42.3678
Shanghai,CN,31.2304,121.4737,12,8.52,74.79,1019.18,4.3,6.3914,30.6789
Delhi,IN,28.6139,77.209,12,16.57,66.39,1017.4,10.28,9.3593,44.9244
Istanbul,TR,41.0082,28.9784,8,28.48,68.3,1010.45,22.06,19.0814,85.2451
Beijing,CN,39.9042,116.4074,9,18.86,62.35,1011.97,11.5,10.0723,44.4793
Jaipur,IN,26.9124,75.7873,11,16.46,53.71,962.95,7.04,7.5222,34.6624
Kathmandu,NP,27.7172,85.324,9,22.4,77.45,853.48,18.26,15.3815,67.9249
Buenos Aires,AR,-34.6037,-58.3816,11,17.47,57.51,1011.35,8.99,8.5573,39.4322
Dubai,AE,25.2048,55.2708,6,37.94,56.26,1003.61,27.69,25.9315,124.4713
Houston,US,29.7604,-95.3698,2,16.4,69.79,1012.96,10.87,9.7369,49.9749
New York,US,40.7128,-74.006,9,21.93,62.42,1017.58,14.41,12.0648,53.2782
Amman,JO,31.9454,35.9284,3,11.2,61.21,923.69,4.01,6.2027,32.155
Amman,JO,31.9454,35.9284,5,21.4,32.32,919.52,4.15,6.0573,30.238
Shanghai,CN,31.2304,121.4737,2,8.82,75.92,1013.75,4.81,6.6145,33.9493
Moscow,RU,55.7558,37.6173,1,-9.91,98.79,1011.85,-10.07,2.3484,11.7234
Amman,JO,31.9454,35.9284,2,13.42,58.0,919.82,5.33,6.7498,34.6438
Mexico City,MX,19.4326,-99.1332,1,11.56,61.47,775.13,4.41,6.371,31.8042
Istanbul,TR,41.0082,28.9784,3,9.38,77.07,1017.0,5.57,6.9614,36.0881
Leh,IN,34.1526,77.577,5,15.66,37.73,652.97,1.28,5.0337,25.1281
Leh,IN,34.1526,77.577,12,-9.42,54.84,656.99,-16.8,1.3531,6.4949
Moscow,RU,55.7558,37.6173,5,14.96,64.46,1008.69,8.32,8.2443,41.1555
São Paulo,BR,-23.5505,-46.6333,5,19.14,77.12,924.92,15.03,12.6704,63.2508
Chicago,US,41.8781,-87.6298,4,12.7,59.8,1014.11,5.09,6.6555,34.1597
Colombo,LK,6.9271,79.8612,12,30.8,79.2,1007.56,26.76,25.1001,120.4804
Riyadh,SA,24.6877,46.7219,4,27.31,21.58,934.29,3.44,5.6533,29.016
Bangkok,TH,13.7563,100.5018,2,27.11,68.66,1012.46,20.84,17.7921,91.3187
Istanbul,TR,41.0082,28.9784,6,24.15,67.08,1010.51,17.65,14.7216,70.6639
Casablanca,MA,33.5731,-7.5898,11,16.95,72.91,1015.69,12.05,10.5139,48.448
Delhi,IN,28.6139,77.209,2,18.03,80.26,1014.68,14.57,12.344,63.3565
Dubai,AE,25.2048,55.2708,2,29.14,65.48,1015.57,21.99,18.9692,97.3603
London,GB,51.5074,-0.1278,10,15.6,77.53,1010.87,11.69,10.3086,46.0532
Kuala Lumpur,MY,3.139,101.6869,8,24.03,72.82,1010.49,18.84,15.8725,70.9094
Mexico City,MX,19.4326,-99.1332,7,13.61,81.52,774.98,10.51,9.5961,44.2187
Chennai,IN,13.0827,80.2707,2,25.49,77.66,1014.8,21.29,18.382,94.3465
London,GB,51.5074,-0.1278,5,11.77,67.97,1009.42,6.05,7.1394,35.6399
Shanghai,CN,31.2304,121.4737,10,18.79,78.07,1013.37,14.89,12.5649,56.1331
Sydney,AU,-33.8688,151.2093,3,18.5,55.81,1010.98,9.5,8.8273,45.7605
Colombo,LK,6.9271,79.8612,10,24.9,74.45,1008.31,20.04,17.0499,76.1696
Riyadh,SA,24.6877,46.7219,5,37.07,11.09,927.71,1.82,4.8909,24.4156
Addis Ababa,ET,9.032,38.7492,6,17.11,82.29,772.09,14.07,11.9828,57.5172
Jaipur,IN,26.9124,75.7873,7,30.23,61.22,943.59,21.92,18.8187,86.7165
Buenos Aires,AR,-34.6037,-58.3816,3,23.37,58.82,1018.96,14.85,12.3505,64.0248
Kolkata,IN,22.5726,88.3639,9,29.5,87.6,1009.98,27.22,25.8842,114.3048
Buenos Aires,AR,-34.6037,-58.3816,7,8.12,75.47,1014.19,4.04,6.2854,28.9629
Delhi,IN,28.6139,77.209,4,26.98,37.97,1006.64,11.43,9.7665,50.1273
Delhi,IN,28.6139,77.209,12,15.53,77.09,1014.32,11.53,10.206,48.9886
Kuala Lumpur,MY,3.139,101.6869,3,26.96,82.42,1010.28,23.7,21.1716,109.7535
Anchorage,US,61.2181,-149.9003,3,-4.29,68.24,1005.47,-9.26,2.4484,12.6925
Chicago,US,41.8781,-87.6298,11,2.46,71.19,1017.66,-2.22,4.0824,18.8115
New York,US,40.7128,-74.006,12,-0.54,66.33,1018.61,-6.03,3.0994,14.8773
Moscow,RU,55.7558,37.6173,11,3.34,87.2,1015.26,1.42,5.3061,24.4504
Jaipur,IN,26.9124,75.7873,11,11.51,46.47,966.86,0.43,4.8019,22.1269
Moscow,RU,55.7558,37.6173,8,21.33,62.75,1009.53,13.93,11.7179,52.349
Chicago,US,41.8781,-87.6298,12,-9.15,72.18,1017.58,-13.23,1.8163,8.7182
Bangalore,IN,12.9716,77.5946,5,30.55,65.94,906.07,23.45,20.6239,102.9544
Casablanca,MA,33.5731,-7.5898,10,16.81,65.36,1009.87,10.27,9.3459,41.7525
London,GB,51.5074,-0.1278,6,17.54,64.16,1012.72,10.69,9.5846,46.006
Houston,US,29.7604,-95.3698,6,31.0,70.55,1013.3,25.01,22.6083,108.5199
Casablanca,MA,33.5731,-7.5898,6,28.04,63.4,1011.89,20.42,17.2895,82.9896
Chennai,IN,13.0827,80.2707,6,34.27,68.38,1002.96,27.59,26.0617,125.0963
Mumbai,IN,19.076,72.8777,10,28.61,76.39,1010.75,24.03,21.4923,96.0159
Addis Ababa,ET,9.032,38.7492,3,16.4,61.24,772.21,8.92,8.5449,44.2966
Kuala Lumpur,MY,3.139,101.6869,2,26.49,78.29,1011.01,22.39,19.5941,100.5677
Amman,JO,31.9454,35.9284,8,33.13,23.87,916.81,9.74,8.5663,38.2694
Riyadh,SA,24.6877,46.7219,10,34.26,13.6,937.37,2.51,5.1819,23.1499
Delhi,IN,28.6139,77.209,1,14.26,78.79,1018.9,10.63,9.6533,48.1892
Jaipur,IN,26.9124,75.7873,5,34.4,18.32,948.19,6.89,7.0319,35.1034
Dhaka,BD,23.7104,90.4074,11,27.14,84.59,1015.16,24.32,21.9565,101.1757
Lahore,PK,31.5497,74.3436,10,30.73,49.38,983.07,18.89,15.5935,69.6629
Kuala Lumpur,MY,3.139,101.6869,7,25.54,82.84,1012.27,22.4,19.6644,90.6136
Shanghai,CN,31.2304,121.4737,9,30.28,72.53,1013.08,24.78,22.3542,98.716
Leh,IN,34.1526,77.577,7,23.03,46.98,651.23,11.09,9.6701,44.5597
Bangkok,TH,13.7563,100.5018,9,27.33,76.0,1004.5,22.71,19.9276,88.0003
Miami,US,25.7617,-80.1918,8,29.45,73.39,1012.02,24.18,21.627,96.6173
Colombo,LK,6.9271,79.8612,9,29.6,80.07,1005.3,25.78,23.7788,105.0074
Amman,JO,31.9454,35.9284,4,15.94,52.43,919.33,6.21,7.1137,36.5116
Colombo,LK,6.9271,79.8612,11,29.37,77.43,1009.68,25.0,22.7104,104.6497
Rome,IT,41.9028,12.4964,7,27.1,45.36,1014.76,14.25,11.7434,54.1138
Bangkok,TH,13.7563,100.5018,4,28.64,62.29,1008.67,20.7,17.5547,90.1004
Addis Ababa,ET,9.032,38.7492,2,14.79,57.14,773.54,6.39,7.2329,37.1232
Cairo,EG,30.0444,31.2357,5,31.47,37.62,1013.9,15.26,12.3642,61.7222
Amman,JO,31.9454,35.9284,10,21.14,49.55,921.32,10.17,9.1511,40.8822
Colombo,LK,6.9271,79.8612,11,26.8,76.15,1006.1,22.24,19.3905,89.3516
Sydney,AU,-33.8688,151.2093,10,19.56,62.63,1016.45,12.23,10.5462,47.1145
São Paulo,BR,-23.5505,-46.6333,1,24.5,67.5,919.92,18.08,15.1065,75.4118
Paris,FR,48.8566,2.3522,12,6.77,88.81,1017.9,5.06,6.7791,32.5395
London,GB,51.5074,-0.1278,10,8.87,88.81,1015.35,7.12,7.7617,34.6751
Jakarta,ID,-6.2088,106.8456,7,25.78,79.39,1013.66,21.94,19.1004,88.0145
Moscow,RU,55.7558,37.6173,6,18.65,67.81,1011.73,12.58,10.8188,51.9301
Cairo,EG,30.0444,31.2357,7,31.5,35.28,1013.53,14.28,11.6109,53.5028
Istanbul,TR,41.0082,28.9784,11,10.51,76.51,1013.88,6.55,7.4218,34.1998
Rio de Janeiro,BR,-22.9068,-43.1729,3,30.71,89.04,1010.51,28.69,28.0921,145.6296
Miami,US,25.7617,-80.1918,2,20.71,71.25,1016.23,15.31,12.8333,65.8676
Chicago,US,41.8781,-87.6298,2,-0.77,74.91,1015.71,-4.66,3.4445,17.6791
Delhi,IN,28.6139,77.209,11,19.75,67.36,1012.04,13.53,11.471,52.8585
Cairo,EG,30.0444,31.2357,12,14.02,73.73,1015.22,9.4,8.9,42.7199
Rome,IT,41.9028,12.4964,10,18.53,69.74,1011.71,12.89,11.0483,49.3578
Miami,US,25.7617,-80.1918,5,23.49,79.59,1011.31,19.75,16.8236,83.9833
Delhi,IN,28.6139,77.209,5,34.91,22.98,1004.35,10.66,9.059,45.2225
Dubai,AE,25.2048,55.2708,5,30.78,58.73,1010.91,21.74,18.5892,92.797
Paris,FR,48.8566,2.3522,5,10.05,62.48,1011.48,3.21,5.8889,29.3974
Jakarta,ID,-6.2088,106.8456,8,25.02,71.38,1013.54,19.47,16.4502,73.4902
Kolkata,IN,22.5726,88.3639,3,26.62,60.08,1009.74,18.23,15.1504,78.5395
Kolkata,IN,22.5726,88.3639,2,23.33,73.41,1012.81,18.3,15.3799,78.9381
Addis Ababa,ET,9.032,38.7492,5,15.47,72.22,769.17,10.49,9.5266,47.5568
New York,US,40.7128,-74.006,4,16.67,60.8,1015.83,9.06,8.6207,44.2461
Hyderabad,IN,17.385,78.4867,5,35.84,33.38,937.1,17.2,13.812,68.9493
Lagos,NG,6.5244,3.3792,11,28.1,86.15,1009.43,25.56,23.5715,108.6176
Karachi,PK,24.8607,67.0011,7,32.21,71.17,1002.89,26.31,24.3281,112.104
Bangalore,IN,12.9716,77.5946,5,24.36,68.44,908.97,18.17,15.2003,75.88
Cairo,EG,30.0444,31.2357,6,30.67,37.32,1009.28,14.43,11.748,56.3906
Miami,US,25.7617,-80.1918,9,28.08,74.2,1014.64,23.04,20.2804,89.5581
Istanbul,TR,41.0082,28.9784,9,22.03,67.97,1018.46,15.84,13.2129,58.3482
Leh,IN,34.1526,77.577,12,-7.58,56.78,652.36,-14.66,1.6048,7.7029
Mexico City,MX,19.4326,-99.1332,6,14.36,61.33,774.31,7.01,7.5581,36.2788
Karachi,PK,24.8607,67.0011,2,22.62,73.11,1017.1,17.55,14.7019,75.4582
Dubai,AE,25.2048,55.2708,11,25.44,65.71,1014.7,18.54,15.506,71.4516
Istanbul,TR,41.0082,28.9784,5,18.54,68.85,1011.35,12.7,10.9145,54.4851
Sydney,AU,-33.8688,151.2093,5,17.67,79.39,1013.92,14.06,11.953,59.6693
Berlin,DE,52.52,13.405,12,-0.84,87.78,1011.06,-2.61,4.0159,19.2765
Johannesburg,ZA,-26.2041,28.0473,9,10.38,34.9,829.49,-4.46,3.358,14.8291
Lahore,PK,31.5497,74.3436,8,32.06,82.0,972.03,28.59,27.8158,124.2655
Melbourne,AU,-37.8136,144.9631,4,15.47,62.07,1012.99,8.24,8.1879,42.0251
Kuala Lumpur,MY,3.139,101.6869,2,29.67,85.47,1010.01,26.96,25.4842,130.7992
Delhi,IN,28.6139,77.209,10,25.8,52.85,1005.25,15.44,12.7263,56.8541
Shanghai,CN,31.2304,121.4737,7,29.98,84.33,1010.77,27.04,25.5698,117.8257
Berlin,DE,52.52,13.405,8,21.98,66.29,1005.41,15.4,12.8533,57.4216
Casablanca,MA,33.5731,-7.5898,7,29.07,54.15,1012.89,18.85,15.6284,72.0155
Paris,FR,48.8566,2.3522,7,18.74,64.28,1008.12,11.85,10.3106,47.511
Anchorage,US,61.2181,-149.9003,9,11.21,75.03,1008.91,6.95,7.6087,33.6002
Colombo,LK,6.9271,79.8612,11,25.34,85.1,1008.04,22.65,19.971,92.0265
Shanghai,CN,31.2304,121.4737,12,7.53,67.89,1016.87,1.98,5.4437,26.1298
Addis Ababa,ET,9.032,38.7492,10,15.12,60.66,770.55,7.57,7.8342,34.9987
Kolkata,IN,22.5726,88.3639,9,31.83,82.1,1004.35,28.38,27.4981,121.4316
Buenos Aires,AR,-34.6037,-58.3816,3,20.95,74.72,1005.71,16.29,13.6455,70.7384
Dhaka,BD,23.7104,90.4074,12,17.58,91.6,1012.31,16.19,13.7171,65.8419
Miami,US,25.7617,-80.1918,11,22.97,74.9,1020.53,18.27,15.3687,70.8191
Los Angeles,US,34.0522,-118.2437,2,16.04,65.28,1016.72,9.53,8.914,45.7514
Addis Ababa,ET,9.032,38.7492,2,16.37,53.66,771.78,6.95,7.4739,38.3602
Cairo,EG,30.0444,31.2357,5,33.47,33.95,1008.27,15.41,12.4093,61.9474
Anchorage,US,61.2181,-149.9003,5,8.8,64.65,1012.42,2.51,5.6251,28.0803
Singapore,SG,1.3521,103.8198,10,21.22,90.5,1006.05,19.6,16.7868,74.9943
Colombo,LK,6.9271,79.8612,9,23.3,78.8,1007.99,19.41,16.4794,72.7731
London,GB,51.5074,-0.1278,4,12.15,70.52,1012.6,6.95,7.5823,38.9164
Hong Kong,HK,22.3193,114.1694,12,19.13,67.35,1015.32,12.94,11.0594,53.0852
Amman,JO,31.9454,35.9284,4,20.62,39.51,922.14,6.36,7.0784,36.3302
Berlin,DE,52.52,13.405,2,1.72,80.86,1014.51,-1.21,4.4102,22.6358
Lahore,PK,31.5497,74.3436,8,33.77,75.81,967.9,28.89,28.1481,125.75
Riyadh,SA,24.6877,46.7219,11,26.05,33.86,936.14,8.89,8.2692,38.1044
Rio de Janeiro,BR,-22.9068,-43.1729,9,20.84,76.81,1012.7,16.61,13.9385,61.5525
Lahore,PK,31.5497,74.3436,10,25.28,61.36,978.05,17.3,14.3535,64.1237
Rome,IT,41.9028,12.4964,9,20.91,52.26,1010.07,10.75,9.5203,42.0416
São Paulo,BR,-23.5505,-46.6333,1,19.8,75.08,926.61,15.25,12.819,63.9927
Bangalore,IN,12.9716,77.5946,10,23.34,89.49,909.89,21.51,18.7525,83.7758
Buenos Aires,AR,-34.6037,-58.3816,2,26.15,60.56,1012.48,17.91,14.8743,76.3434
Delhi,IN,28.6139,77.209,9,31.97,77.06,1004.19,27.43,26.0073,114.8483
Beijing,CN,39.9042,116.4074,12,0.65,52.77,1014.18,-7.88,2.6763,12.8464
Paris,FR,48.8566,2.3522,3,6.36,76.44,1012.19,2.52,5.6809,29.45
Anchorage,US,61.2181,-149.9003,4,2.64,68.96,1008.39,-2.48,4.0033,20.5471
Kathmandu,NP,27.7172,85.324,8,29.92,80.41,852.99,26.17,24.2966,108.5437
Hong Kong,HK,22.3193,114.1694,8,31.79,89.66,1007.97,29.87,29.9707,133.8927
New York,US,40.7128,-74.006,4,10.56,60.84,1009.84,3.31,5.9191,30.3801
Mexico City,MX,19.4326,-99.1332,2,11.13,46.44,780.06,0.07,4.6842,24.0421
Kolkata,IN,22.5726,88.3639,6,34.19,91.34,1002.53,32.57,34.6736,166.4335
Mumbai,IN,19.076,72.8777,8,24.41,93.84,1007.89,23.35,20.9043,93.3886
Sydney,AU,-33.8688,151.2093,7,4.55,63.58,1017.22,-1.76,4.1939,19.3254
Rome,IT,41.9028,12.4964,1,6.13,89.19,1015.29,4.48,6.5271,32.5831
Melbourne,AU,-37.8136,144.9631,7,7.73,85.57,1016.76,5.46,6.9508,32.0292
Sydney,AU,-33.8688,151.2093,11,19.9,58.92,1015.58,11.62,10.1209,46.6369
Singapore,SG,1.3521,103.8198,4,33.95,73.74,1006.44,28.58,27.6383,141.8551
Kathmandu,NP,27.7172,85.324,5,21.61,59.49,854.46,13.37,11.2859,56.339
Kuala Lumpur,MY,3.139,101.6869,7,23.65,78.04,1009.29,19.59,16.6461,76.705
Moscow,RU,55.7558,37.6173,4,6.77,73.23,1011.6,2.32,5.5897,28.6895
Paris,FR,48.8566,2.3522,10,18.33,71.92,1015.66,13.17,11.2623,50.3138
Lahore,PK,31.5497,74.3436,4,33.32,44.61,976.03,19.61,16.1814,83.0518
Hyderabad,IN,17.385,78.4867,4,24.68,32.81,945.32,7.23,7.4203,38.0853
Amman,JO,31.9454,35.9284,3,12.69,53.7,918.13,3.54,5.97,30.9486
Buenos Aires,AR,-34.6037,-58.3816,11,19.15,68.74,1008.31,13.26,11.2953,52.0486
Hong Kong,HK,22.3193,114.1694,6,31.43,86.0,1008.21,28.8,28.2024,135.3713
Melbourne,AU,-37.8136,144.9631,5,13.13,73.54,1016.87,8.5,8.4019,41.9423
Amman,JO,31.9454,35.9284,7,22.48,28.28,913.84,3.2,5.6437,26.0062
Tokyo,JP,35.6762,139.6503,5,17.85,62.16,1013.1,10.5,9.4584,47.2165
London,GB,51.5074,-0.1278,12,5.27,84.83,1015.59,2.93,5.8699,28.1756
Jakarta,ID,-6.2088,106.8456,6,29.28,82.1,1013.29,25.9,23.9625,115.0202
Chennai,IN,13.0827,80.2707,3,31.11,67.84,1012.46,24.45,21.8633,113.3394
Dhaka,BD,23.7104,90.4074,5,31.31,76.68,1000.75,26.71,24.9783,124.6914
Casablanca,MA,33.5731,-7.5898,5,23.88,76.53,1009.14,19.5,16.5391,82.5632
Miami,US,25.7617,-80.1918,4,28.13,66.17,1016.3,21.21,18.1379,93.0936
Melbourne,AU,-37.8136,144.9631,9,12.96,69.31,1011.04,7.47,7.8366,34.6066
Karachi,PK,24.8607,67.0011,1,25.22,71.45,1014.96,19.68,16.6609,83.1714
Chicago,US,41.8781,-87.6298,10,12.75,72.34,1011.72,7.9,8.073,36.0659
São Paulo,BR,-23.5505,-46.6333,7,10.39,66.5,934.1,4.42,6.4016,29.4984
London,GB,51.5074,-0.1278,11,7.36,83.19,1016.09,4.69,6.5965,30.3965
Beijing,CN,39.9042,116.4074,4,10.51,47.8,1011.2,-0.1,4.636,23.7947
Lahore,PK,31.5497,74.3436,6,38.97,45.05,972.2,24.86,21.8859,105.0522
Rio de Janeiro,BR,-22.9068,-43.1729,10,23.12,86.58,1015.2,20.76,17.9211,80.0616
Jakarta,ID,-6.2088,106.8456,10,29.12,79.84,1005.2,25.27,23.104,103.2157
Berlin,DE,52.52,13.405,9,14.36,79.91,1010.82,10.93,9.8485,43.4908
Berlin,DE,52.52,13.405,8,23.28,59.44,1010.03,14.92,12.4141,55.4592
Jakarta,ID,-6.2088,106.8456,8,24.55,74.53,1011.41,19.72,16.7355,74.7648
Sydney,AU,-33.8688,151.2093,10,16.71,74.54,1017.84,12.16,10.596,47.3373
Bangkok,TH,13.7563,100.5018,10,28.01,90.65,1008.62,26.33,24.6796,110.2548
Paris,FR,48.8566,2.3522,5,16.27,69.0,1008.78,10.57,9.5522,47.6845
Jakarta,ID,-6.2088,106.8456,11,26.56,88.43,1011.82,24.48,22.2201,102.3902
Karachi,PK,24.8607,67.0011,12,23.84,64.72,1014.36,16.79,13.9579,66.9982
São Paulo,BR,-23.5505,-46.6333,11,27.71,77.26,925.75,23.35,20.686,95.3213
Singapore,SG,1.3521,103.8198,10,27.67,78.26,1012.69,23.53,20.9113,93.42
Delhi,IN,28.6139,77.209,3,24.35,59.29,1010.89,15.89,13.161,68.2266
New York,US,40.7128,-74.006,1,3.52,62.96,1012.42,-2.87,3.8774,19.356
Cairo,EG,30.0444,31.2357,10,27.88,46.25,1011.93,15.27,12.507,55.8742
Beijing,CN,39.9042,116.4074,5,22.38,49.94,1008.65,11.42,9.907,49.4556
Beijing,CN,39.9042,116.4074,9,16.53,57.98,1011.7,8.23,8.1515,35.9969
Hyderabad,IN,17.385,78.4867,2,24.46,59.8,953.79,16.12,13.3551,68.546
Riyadh,SA,24.6877,46.7219,12,20.03,32.08,938.83,2.86,5.5521,26.6499
Leh,IN,34.1526,77.577,5,14.8,27.97,644.78,-3.55,3.5417,17.68
Berlin,DE,52.52,13.405,11,3.56,83.82,1013.34,1.08,5.175,23.8462
Riyadh,SA,24.6877,46.7219,12,19.21,46.43,945.76,7.44,7.6571,36.7541
Chennai,IN,13.0827,80.2707,8,30.86,70.86,1008.79,24.94,22.5262,100.6347
Dubai,AE,25.2048,55.2708,9,31.13,55.5,1004.02,21.15,17.9075,79.0794
Rome,IT,41.9028,12.4964,3,11.09,75.42,1014.01,6.91,7.5892,39.3425
Kolkata,IN,22.5726,88.3639,10,29.86,75.89,1010.37,25.14,22.8647,102.1467
Dhaka,BD,23.7104,90.4074,6,26.5,89.09,998.45,24.55,22.3153,107.1133
São Paulo,BR,-23.5505,-46.6333,8,16.96,80.29,930.79,13.54,11.5845,51.7533
Riyadh,SA,24.6877,46.7219,8,38.98,5.0,918.29,-7.5,2.4308,10.8595
Berlin,DE,52.52,13.405,6,18.41,70.39,1012.53,12.92,11.0734,53.1523
Delhi,IN,28.6139,77.209,4,26.78,40.37,1006.07,12.18,10.2684,52.7033
Miami,US,25.7617,-80.1918,6,26.77,88.07,1015.37,24.62,22.3857,107.4512
Rio de Janeiro,BR,-22.9068,-43.1729,3,28.16,69.28,1009.03,21.99,19.0233,98.6169
Kolkata,IN,22.5726,88.3639,5,30.11,59.81,999.42,21.42,18.2615,91.1616
Jaipur,IN,26.9124,75.7873,7,32.74,70.49,949.24,26.65,24.7912,114.238
London,GB,51.5074,-0.1278,12,4.8,93.75,1010.66,3.87,6.2852,30.169
Johannesburg,ZA,-26.2041,28.0473,12,13.73,58.67,824.81,5.78,6.9585,33.4006
Istanbul,TR,41.0082,28.9784,9,16.14,64.58,1013.13,9.46,8.8715,39.1766
Karachi,PK,24.8607,67.0011,10,23.8,60.02,1008.64,15.56,12.9102,57.6756
Dubai,AE,25.2048,55.2708,9,33.1,60.39,1002.35,24.38,21.6427,95.5742
Dubai,AE,25.2048,55.2708,9,33.46,56.99,1003.35,23.75,20.818,91.9321
Jakarta,ID,-6.2088,106.8456,2,27.83,89.52,1006.49,25.94,24.1311,123.8541
Mexico City,MX,19.4326,-99.1332,5,20.1,60.56,770.26,12.23,10.5252,52.5417
Delhi,IN,28.6139,77.209,10,26.06,57.23,1010.96,16.93,13.9838,62.4721
Cairo,EG,30.0444,31.2357,2,14.83,71.32,1016.78,9.69,9.0501,46.4502
Shanghai,CN,31.2304,121.4737,11,13.0,70.77,1018.08,7.82,8.0249,36.9789
New York,US,40.7128,-74.006,7,31.58,64.22,1016.74,23.97,21.2216,97.7889
Lagos,NG,6.5244,3.3792,11,26.69,79.37,1009.67,22.81,20.0865,92.5584
Jakarta,ID,-6.2088,106.8456,2,31.8,90.56,1005.6,30.05,30.283,155.4293
Lagos,NG,6.5244,3.3792,1,26.81,80.14,1008.26,23.09,20.4173,101.9234
Los Angeles,US,34.0522,-118.2437,5,19.29,70.48,1012.75,13.79,11.6828,58.3204
Chennai,IN,13.0827,80.2707,12,22.72,88.96,1015.72,20.8,17.9961,86.3814
Rome,IT,41.9028,12.4964,5,14.85,62.5,1010.57,7.75,7.9369,39.6212
London,GB,51.5074,-0.1278,4,8.2,77.8,1012.07,4.56,6.5136,33.4315
Lagos,NG,6.5244,3.3792,9,29.36,67.93,1011.91,22.81,19.9197,87.9653
London,GB,51.5074,-0.1278,1,4.37,85.97,1016.9,2.23,5.605,27.9802
Bangkok,TH,13.7563,100.5018,12,22.58,71.62,1011.09,17.19,14.3711,68.9812
Karachi,PK,24.8607,67.0011,12,23.13,69.54,1015.21,17.24,14.3969,69.105
Moscow,RU,55.7558,37.6173,12,-4.99,83.33,1015.22,-7.37,2.8445,13.6534
Los Angeles,US,34.0522,-118.2437,7,22.53,53.9,1010.52,12.72,10.7857,49.7004
Kuala Lumpur,MY,3.139,101.6869,11,29.65,73.65,1007.31,24.43,21.9371,101.0861
Rome,IT,41.9028,12.4964,6,27.96,53.06,1011.74,17.49,14.4034,69.1364
Jaipur,IN,26.9124,75.7873,11,15.74,48.24,958.52,4.83,6.468,29.8047
London,GB,51.5074,-0.1278,9,17.82,74.43,1014.06,13.21,11.3092,49.9414
Bangalore,IN,12.9716,77.5946,3,25.42,52.29,914.29,14.92,12.3282,63.9095
Johannesburg,ZA,-26.2041,28.0473,8,12.39,43.57,831.11,0.35,4.7576,21.2545
Miami,US,25.7617,-80.1918,1,22.51,64.09,1013.26,15.38,12.8111,63.9532
Colombo,LK,6.9271,79.8612,5,26.74,82.42,1008.2,23.49,20.9243,104.454
Hyderabad,IN,17.385,78.4867,1,20.25,75.03,956.46,15.67,13.1537,65.6633
Chennai,IN,13.0827,80.2707,2,25.01,69.08,1010.56,18.93,15.9141,81.68
Beijing,CN,39.9042,116.4074,12,-1.33,56.24,1015.58,-8.91,2.4873,11.939
Dubai,AE,25.2048,55.2708,3,23.03,71.01,1017.21,17.49,14.624,75.8111
Bangkok,TH,13.7563,100.5018,2,27.19,79.97,1015.1,23.42,20.8051,106.7835
Rio de Janeiro,BR,-22.9068,-43.1729,9,20.2,71.3,1014.46,14.83,12.462,55.0321
Jaipur,IN,26.9124,75.7873,6,39.68,34.94,938.64,21.28,17.5964,84.4627
Karachi,PK,24.8607,67.0011,11,22.56,70.78,1017.17,16.98,14.1869,65.3731
New York,US,40.7128,-74.006,3,7.27,57.02,1011.67,-0.67,4.4971,23.3128
Singapore,SG,1.3521,103.8198,6,27.03,81.05,1006.61,23.49,20.9055,100.3462
São Paulo,BR,-23.5505,-46.6333,12,21.66,83.31,924.31,18.7,15.8534,76.0962
Jaipur,IN,26.9124,75.7873,2,19.5,56.43,963.38,10.6,9.4715,48.6132
Johannesburg,ZA,-26.2041,28.0473,7,8.19,28.88,829.95,-8.83,2.4169,11.1372
New York,US,40.7128,-74.006,10,13.46,70.77,1018.64,8.26,8.2537,36.8728
Sydney,AU,-33.8688,151.2093,11,19.07,57.68,1016.2,10.53,9.4369,43.4851
Berlin,DE,52.52,13.405,7,21.41,71.91,1011.53,16.13,13.4912,62.1673
Shanghai,CN,31.2304,121.4737,4,16.51,66.54,1016.67,10.25,9.3432,47.9543
Rio de Janeiro,BR,-22.9068,-43.1729,6,17.51,73.79,1008.42,12.78,11.0033,52.8158
Rome,IT,41.9028,12.4964,6,21.82,56.84,1010.58,12.87,10.9165,52.399
Leh,IN,34.1526,77.577,8,21.7,45.08,642.27,9.27,8.6018,38.4282
Kuala Lumpur,MY,3.139,101.6869,11,28.37,80.58,1013.4,24.7,22.3779,103.1174
Nairobi,KE,-1.2921,36.8219,5,13.68,86.27,832.44,11.43,10.2001,50.9191
Melbourne,AU,-37.8136,144.9631,10,18.39,57.64,1011.09,9.88,9.0557,40.456
Hong Kong,HK,22.3193,114.1694,3,21.41,94.68,1010.91,20.52,17.7631,92.0838
Mexico City,MX,19.4326,-99.1332,11,12.01,65.32,772.07,5.7,6.9623,32.0821
Mumbai,IN,19.076,72.8777,6,28.87,80.6,1003.13,25.19,23.0034,110.4165
Mexico City,MX,19.4326,-99.1332,2,14.31,38.3,779.19,0.29,4.7056,24.1516
Beijing,CN,39.9042,116.4074,8,27.0,80.46,1008.89,23.34,20.7119,92.5291
Addis Ababa,ET,9.032,38.7492,4,24.38,64.93,766.57,17.34,14.4329,74.0776
Kuala Lumpur,MY,3.139,101.6869,12,28.14,93.84,1009.33,27.05,25.739,123.547
Cairo,EG,30.0444,31.2357,3,17.46,42.8,1015.91,4.68,6.3643,32.9924
Moscow,RU,55.7558,37.6173,3,2.37,82.18,1012.8,-0.35,4.6858,24.2914
Bangkok,TH,13.7563,100.5018,8,27.69,74.15,1000.21,22.66,19.8421,88.6436
Leh,IN,34.1526,77.577,5,17.23,30.85,648.43,-0.12,4.5246,22.5868
Chennai,IN,13.0827,80.2707,9,31.24,68.77,1004.06,24.8,22.3127,98.5331
Istanbul,TR,41.0082,28.9784,12,9.71,81.37,1012.32,6.68,7.506,36.0289
Bangalore,IN,12.9716,77.5946,2,18.38,61.53,910.01,10.85,9.6643,49.6024
Anchorage,US,61.2181,-149.9003,8,15.51,68.74,1007.65,9.79,9.0875,40.598
Kuala Lumpur,MY,3.139,101.6869,5,30.81,77.11,1006.37,26.33,24.4611,122.11
Mexico City,MX,19.4326,-99.1332,3,16.26,39.15,779.47,2.34,5.4179,28.0864
New York,US,40.7128,-74.006,7,30.61,65.93,1010.23,23.5,20.6867,95.3243
Chennai,IN,13.0827,80.2707,11,25.65,82.06,1011.1,22.35,19.5939,90.2888
Dubai,AE,25.2048,55.2708,7,43.32,50.38,1004.99,30.72,30.4132,140.1442
Amman,JO,31.9454,35.9284,7,30.14,15.72,913.72,1.28,4.8055,22.144
Singapore,SG,1.3521,103.8198,9,21.66,78.2,1009.02,17.69,14.8814,65.7162
New York,US,40.7128,-74.006,5,21.21,62.45,1010.42,13.74,11.5774,57.7945
Colombo,LK,6.9271,79.8612,2,29.88,69.67,1005.95,23.72,21.0052,107.8101
Los Angeles,US,34.0522,-118.2437,7,30.07,68.39,1012.0,23.59,20.8385,96.024
Mexico City,MX,19.4326,-99.1332,1,13.33,60.66,778.88,5.88,7.0179,35.0333
Anchorage,US,61.2181,-149.9003,6,12.55,60.14,1011.84,5.03,6.6314,31.8308
Los Angeles,US,34.0522,-118.2437,12,13.33,64.0,1014.26,6.66,7.4026,35.5326
Chennai,IN,13.0827,80.2707,8,33.4,80.41,1004.02,29.55,29.2815,130.8135
Chennai,IN,13.0827,80.2707,4,34.92,74.09,1007.63,29.6,29.2303,150.0263
Lahore,PK,31.5497,74.3436,7,36.02,73.14,969.79,30.43,30.5472,140.7616
Tokyo,JP,35.6762,139.6503,12,5.52,44.68,1015.77,-5.56,3.1416,15.0798
Tokyo,JP,35.6762,139.6503,4,14.14,52.06,1011.24,4.44,6.329,32.4838
Nairobi,KE,-1.2921,36.8219,3,21.63,70.47,836.37,16.03,13.3912,69.4201
Lagos,NG,6.5244,3.3792,6,26.55,85.87,1006.12,23.98,21.5659,103.5163
Hyderabad,IN,17.385,78.4867,9,26.04,73.43,949.89,20.91,17.9285,79.1722
Singapore,SG,1.3521,103.8198,3,26.8,76.85,1012.58,22.39,19.5713,101.4578
Kuala Lumpur,MY,3.139,101.6869,9,26.03,81.35,1004.9,22.58,19.8438,87.6304
London,GB,51.5074,-0.1278,7,19.61,58.66,1010.98,11.29,9.9066,45.6496
Leh,IN,34.1526,77.577,5,14.79,30.24,644.16,-2.51,3.8263,19.101
Singapore,SG,1.3521,103.8198,2,24.72,87.63,1013.78,22.52,19.8557,101.9104
Dubai,AE,25.2048,55.2708,7,40.39,63.72,1000.34,32.15,33.2596,153.2601
Dhaka,BD,23.7104,90.4074,12,18.21,83.49,1016.26,15.36,12.9789,62.2987
Sydney,AU,-33.8688,151.2093,1,27.93,59.78,1013.0,19.37,16.2062,80.9013
Jakarta,ID,-6.2088,106.8456,4,25.96,85.95,1001.47,23.42,20.8832,107.1843
Delhi,IN,28.6139,77.209,9,27.43,65.74,1004.67,20.43,17.3317,76.5367
Dubai,AE,25.2048,55.2708,7,34.89,56.28,1002.81,24.86,22.1557,102.0933
Houston,US,29.7604,-95.3698,8,32.55,70.14,1009.7,26.38,24.4126,109.0618
Mumbai,IN,19.076,72.8777,5,35.24,77.93,1008.14,30.79,31.257,156.0351
Dubai,AE,25.2048,55.2708,1,21.4,65.11,1017.53,14.57,12.2051,60.9278
Bangalore,IN,12.9716,77.5946,7,23.87,83.95,914.28,20.98,18.129,83.5383
Mexico City,MX,19.4326,-99.1332,8,17.69,84.9,771.46,15.11,12.7954,57.1626
Dubai,AE,25.2048,55.2708,12,16.43,64.94,1014.78,9.81,9.0749,43.5594
Leh,IN,34.1526,77.577,12,-7.28,66.87,652.41,-12.37,1.9323,9.2748
Dhaka,BD,23.7104,90.4074,11,19.42,72.82,1013.51,14.42,12.164,56.0515
São Paulo,BR,-23.5505,-46.6333,10,22.24,71.12,930.34,16.75,13.9941,62.5181
Riyadh,SA,24.6877,46.7219,2,20.61,42.44,937.75,7.4,7.6007,39.0112
Buenos Aires,AR,-34.6037,-58.3816,4,15.2,68.9,1017.69,9.53,8.9409,45.8897
Bangalore,IN,12.9716,77.5946,6,24.58,79.82,910.03,20.86,17.9472,86.1467
Kolkata,IN,22.5726,88.3639,11,20.75,75.59,1015.19,16.28,13.6473,62.8866
Rome,IT,41.9028,12.4964,4,10.15,69.41,1010.31,4.8,6.5827,33.7861
Berlin,DE,52.52,13.405,2,1.91,95.4,1015.97,1.25,5.2724,27.061
Riyadh,SA,24.6877,46.7219,2,23.02,44.89,939.23,10.4,9.2351,47.3995
Bangalore,IN,12.9716,77.5946,10,17.48,76.1,912.22,13.22,11.3306,50.6188
Tokyo,JP,35.6762,139.6503,3,7.2,55.44,1019.22,-1.12,4.3525,22.5635
Kathmandu,NP,27.7172,85.324,3,14.11,52.11,852.66,4.43,6.3248,32.7876
Los Angeles,US,34.0522,-118.2437,5,20.5,67.92,1011.67,14.37,12.0873,60.3398
Dhaka,BD,23.7104,90.4074,7,28.9,96.3,999.73,28.25,27.5344,126.8785
Singapore,SG,1.3521,103.8198,7,30.06,81.59,1009.21,26.55,24.8473,114.4966
Addis Ababa,ET,9.032,38.7492,12,17.7,63.94,772.73,10.78,9.6408,46.2758
Moscow,RU,55.7558,37.6173,12,-2.86,86.81,1012.5,-4.75,3.4481,16.551
Singapore,SG,1.3521,103.8198,8,27.89,92.68,1007.56,26.59,25.066,111.9811
Singapore,SG,1.3521,103.8198,10,25.61,79.07,1007.65,21.7,18.8385,84.1599
Bangalore,IN,12.9716,77.5946,8,21.96,76.05,910.05,17.54,14.7266,65.7904
Riyadh,SA,24.6877,46.7219,5,37.48,5.0,931.73,-8.54,2.2514,11.2388
Bangalore,IN,12.9716,77.5946,3,26.17,58.16,912.44,17.29,14.3002,74.1323
Buenos Aires,AR,-34.6037,-58.3816,1,24.33,63.67,1007.76,16.99,14.1171,70.4728
Addis Ababa,ET,9.032,38.7492,1,13.32,66.66,773.22,7.25,7.7096,38.4864
Johannesburg,ZA,-26.2041,28.0473,4,21.7,55.81,826.89,12.48,10.644,54.6311
Hong Kong,HK,22.3193,114.1694,6,34.65,83.31,1005.57,31.39,32.392,155.4815
Delhi,IN,28.6139,77.209,7,32.16,79.5,1000.58,28.15,27.1057,124.9029
Rio de Janeiro,BR,-22.9068,-43.1729,12,24.06,74.36,1013.13,19.21,16.239,77.9473
Moscow,RU,55.7558,37.6173,2,-5.3,77.31,1011.52,-8.64,2.5805,13.2444
Buenos Aires,AR,-34.6037,-58.3816,5,15.99,72.82,1014.65,11.11,9.9083,49.462
Lagos,NG,6.5244,3.3792,3,25.1,75.15,1011.86,20.38,17.4031,90.2175
Casablanca,MA,33.5731,-7.5898,12,7.8,72.75,1015.33,3.22,5.9358,28.4919
Bangkok,TH,13.7563,100.5018,1,25.65,63.55,1013.63,18.21,15.1768,75.7626
New York,US,40.7128,-74.006,10,19.72,75.15,1017.9,15.19,12.7737,57.0659
Beijing,CN,39.9042,116.4074,3,7.23,50.71,1012.98,-2.31,3.9866,20.6667
Lagos,NG,6.5244,3.3792,2,31.66,64.51,1009.09,24.13,21.4152,109.9145
New York,US,40.7128,-74.006,8,21.35,74.43,1010.56,16.61,13.9127,62.1542
Berlin,DE,52.52,13.405,7,15.41,59.69,1010.9,7.6,7.8432,36.1413
Chicago,US,41.8781,-87.6298,12,-3.33,74.27,1013.99,-7.25,2.8537,13.6976
Hyderabad,IN,17.385,78.4867,2,24.54,48.78,950.68,13.04,10.9435,56.1683
Mexico City,MX,19.4326,-99.1332,9,14.61,71.36,772.07,9.48,8.931,39.4394
Nairobi,KE,-1.2921,36.8219,9,18.56,78.25,834.87,14.7,12.4216,54.8538
Dhaka,BD,23.7104,90.4074,3,27.26,63.78,1009.54,19.78,16.6599,86.3648
Singapore,SG,1.3521,103.8198,8,28.01,76.94,1013.14,23.58,20.948,93.5842
Beijing,CN,39.9042,116.4074,3,7.58,33.9,1013.87,-7.31,2.7276,14.14
Nairobi,KE,-1.2921,36.8219,6,17.36,75.29,837.83,12.94,11.1286,53.4173
London,GB,51.5074,-0.1278,11,7.66,75.04,1016.01,3.52,6.0661,27.9528
Lagos,NG,6.5244,3.3792,8,28.77,81.74,1009.72,25.33,23.2034,103.6599
Melbourne,AU,-37.8136,144.9631,12,23.59,61.62,1014.9,15.78,13.0994,62.8769
London,GB,51.5074,-0.1278,11,3.54,83.38,1013.38,0.99,5.1418,23.6936
Shanghai,CN,31.2304,121.4737,6,24.4,68.02,1006.78,18.11,15.1423,72.6832
Bangkok,TH,13.7563,100.5018,11,23.95,77.9,1014.9,19.85,16.9016,77.8828
Casablanca,MA,33.5731,-7.5898,7,22.4,70.36,1009.85,16.73,13.9743,64.3936
Sydney,AU,-33.8688,151.2093,3,23.43,67.42,1016.54,17.05,14.2059,73.6432
Miami,US,25.7617,-80.1918,7,27.5,71.51,1012.32,21.88,18.9292,87.2256
Johannesburg,ZA,-26.2041,28.0473,11,21.79,59.92,823.87,13.65,11.488,52.9369
Amman,JO,31.9454,35.9284,9,29.75,27.57,912.76,9.03,8.2541,36.45
Dhaka,BD,23.7104,90.4074,9,32.04,91.69,1005.02,30.51,31.0538,137.1335
Buenos Aires,AR,-34.6037,-58.3816,2,26.53,68.75,1010.93,20.31,17.2502,88.5375
Jaipur,IN,26.9124,75.7873,7,34.16,60.34,944.62,25.36,22.87,105.3849
Mumbai,IN,19.076,72.8777,4,26.32,83.23,1012.98,23.24,20.6315,105.8924
Bangalore,IN,12.9716,77.5946,5,26.84,63.42,905.27,19.3,16.19,80.8204
Houston,US,29.7604,-95.3698,9,27.19,83.17,1018.03,24.08,21.6416,95.5693
Bangalore,IN,12.9716,77.5946,1,21.1,64.06,913.18,14.03,11.8019,58.9149
Kathmandu,NP,27.7172,85.324,1,12.37,66.04,863.74,6.21,7.2001,35.9431
Addis Ababa,ET,9.032,38.7492,12,17.19,64.63,768.67,10.46,9.4558,45.3877
Nairobi,KE,-1.2921,36.8219,3,21.21,67.15,837.65,14.86,12.4484,64.5327
Hong Kong,HK,22.3193,114.1694,8,34.14,85.07,1007.11,31.26,32.2122,143.9061
Berlin,DE,52.52,13.405,9,17.23,83.94,1014.0,14.49,12.3084,54.354
Singapore,SG,1.3521,103.8198,4,30.69,87.92,1007.47,28.45,27.7092,142.2188
Buenos Aires,AR,-34.6037,-58.3816,6,10.85,70.68,1012.57,5.74,7.0072,33.6346
São Paulo,BR,-23.5505,-46.6333,12,23.87,77.34,928.67,19.66,16.7088,80.202
Jaipur,IN,26.9124,75.7873,5,39.19,27.77,945.89,17.17,13.6448,68.115
Buenos Aires,AR,-34.6037,-58.3816,1,21.06,66.52,1010.52,14.58,12.2276,61.0403
Rome,IT,41.9028,12.4964,3,11.95,63.51,1013.54,5.24,6.7439,34.9606
Hong Kong,HK,22.3193,114.1694,4,20.88,88.46,1003.4,18.9,16.0869,82.5667
Melbourne,AU,-37.8136,144.9631,4,16.44,62.09,1013.11,9.15,8.6823,44.5623
Mumbai,IN,19.076,72.8777,10,27.7,87.05,1010.87,25.34,23.2999,104.091
Mumbai,IN,19.076,72.8777,6,32.13,82.99,1004.41,28.87,28.253,135.6144
Hong Kong,HK,22.3193,114.1694,4,27.75,77.05,1011.83,23.35,20.6823,106.153
Leh,IN,34.1526,77.577,11,-2.42,51.37,654.23,-11.07,2.1053,9.7011
Shanghai,CN,31.2304,121.4737,12,6.9,81.86,1016.35,4.02,6.3032,30.2554
Shanghai,CN,31.2304,121.4737,1,1.42,69.19,1019.22,-3.6,3.6984,18.4625
Chicago,US,41.8781,-87.6298,12,0.68,70.74,1012.75,-4.02,3.5944,17.2529
Anchorage,US,61.2181,-149.9003,8,11.2,79.72,1007.28,7.83,8.0797,36.0954
Melbourne,AU,-37.8136,144.9631,4,17.31,63.3,1010.61,10.27,9.3273,47.8729
Riyadh,SA,24.6877,46.7219,8,46.34,6.03,924.39,0.14,4.2195,18.8502
Buenos Aires,AR,-34.6037,-58.3816,4,16.78,67.84,1014.44,10.8,9.6821,49.6942
Karachi,PK,24.8607,67.0011,7,35.41,75.01,1001.59,30.28,30.3466,139.8373
Dubai,AE,25.2048,55.2708,2,20.51,66.83,1018.06,14.13,11.8982,61.0682
Karachi,PK,24.8607,67.0011,6,36.94,63.02,1005.38,28.71,27.6031,132.4951
Rome,IT,41.9028,12.4964,1,6.83,76.65,1011.4,3.02,5.8743,29.3244
Cairo,EG,30.0444,31.2357,4,20.68,48.14,1013.85,9.31,8.6542,44.4181
Hyderabad,IN,17.385,78.4867,10,23.72,65.28,951.43,16.81,13.9803,62.4563
Mexico City,MX,19.4326,-99.1332,12,10.12,50.38,777.18,0.27,4.7695,22.8935
Rio de Janeiro,BR,-22.9068,-43.1729,8,21.12,77.82,1019.19,17.09,14.3499,64.1076
Hyderabad,IN,17.385,78.4867,3,28.59,34.7,951.67,11.48,9.752,50.5546
Kathmandu,NP,27.7172,85.324,4,19.01,54.01,857.99,9.49,8.8055,45.1949
Kolkata,IN,22.5726,88.3639,2,21.06,67.83,1017.77,14.88,12.4646,63.9751
Los Angeles,US,34.0522,-118.2437,10,27.46,58.72,1010.7,18.65,15.515,69.3123
Nairobi,KE,-1.2921,36.8219,11,16.9,80.74,834.39,13.56,11.6067,53.4839
Melbourne,AU,-37.8136,144.9631,6,12.68,78.43,1015.79,9.02,8.7136,41.8254
Jaipur,IN,26.9124,75.7873,12,14.09,61.36,973.85,6.77,7.4404,35.7138
Dhaka,BD,23.7104,90.4074,8,31.17,89.93,1001.59,29.32,29.0844,129.9329
Jakarta,ID,-6.2088,106.8456,4,29.37,71.24,1015.31,23.6,20.8938,107.2386
Hyderabad,IN,17.385,78.4867,9,25.8,74.88,948.49,20.99,18.0295,79.6182
Bangalore,IN,12.9716,77.5946,11,19.41,74.3,914.67,14.72,12.4018,57.1474
Tokyo,JP,35.6762,139.6503,4,13.43,58.56,1011.69,5.47,6.8175,34.9914
Jakarta,ID,-6.2088,106.8456,1,23.15,84.53,1011.28,20.39,17.5244,87.4819
Casablanca,MA,33.5731,-7.5898,10,22.03,66.34,1011.93,15.45,12.8929,57.5983
New York,US,40.7128,-74.006,9,23.41,71.88,1018.2,18.04,15.1226,66.7812
Houston,US,29.7604,-95.3698,8,31.8,65.98,1014.39,24.63,22.0611,98.557
Berlin,DE,52.52,13.405,6,25.37,60.41,1012.19,17.14,14.2008,68.164
Rome,IT,41.9028,12.4964,7,26.61,42.36,1011.7,12.76,10.6725,49.179
Shanghai,CN,31.2304,121.4737,6,22.87,74.98,1010.73,18.19,15.2989,73.4348
Istanbul,TR,41.0082,28.9784,7,25.57,68.37,1010.47,19.3,16.2521,74.8898
Riyadh,SA,24.6877,46.7219,2,13.86,28.87,939.49,-3.94,3.4514,17.7146
Houston,US,29.7604,-95.3698,2,12.36,60.92,1015.86,5.04,6.6394,34.0771
Bangalore,IN,12.9716,77.5946,5,23.98,56.6,904.11,14.82,12.2996,61.3997
Singapore,SG,1.3521,103.8198,11,25.52,89.96,1010.53,23.75,21.328,98.2795
Cairo,EG,30.0444,31.2357,4,27.1,39.27,1014.82,12.04,10.1675,52.1854
Berlin,DE,52.52,13.405,9,12.11,85.26,1014.54,9.7,9.1428,40.3747
Moscow,RU,55.7558,37.6173,7,21.35,61.36,1003.1,13.61,11.4705,52.856
Paris,FR,48.8566,2.3522,1,6.7,85.89,1013.67,4.51,6.5278,32.5867
London,GB,51.5074,-0.1278,9,18.99,66.99,1016.36,12.72,10.9094,48.1761
Lagos,NG,6.5244,3.3792,2,27.08,79.23,1004.4,23.16,20.4875,105.153
Chicago,US,41.8781,-87.6298,6,24.62,61.14,1014.62,16.62,13.7788,66.1384
Sydney,AU,-33.8688,151.2093,5,13.94,76.58,1014.78,9.89,9.1992,45.9226
Houston,US,29.7604,-95.3698,6,31.29,84.0,1016.7,28.25,27.331,131.1888
Melbourne,AU,-37.8136,144.9631,5,7.5,68.18,1016.83,2.02,5.4563,27.2379
Los Angeles,US,34.0522,-118.2437,8,23.13,66.19,1008.97,16.47,13.7082,61.2406
Beijing,CN,39.9042,116.4074,11,2.99,54.45,1017.99,-5.29,3.237,14.9161
Houston,US,29.7604,-95.3698,12,14.26,88.46,1016.33,12.37,10.8336,52.0013
Dubai,AE,25.2048,55.2708,9,39.63,59.88,1006.17,30.34,30.0771,132.8204
Houston,US,29.7604,-95.3698,7,31.43,67.15,1006.71,24.58,22.0138,101.4398
Rio de Janeiro,BR,-22.9068,-43.1729,10,25.22,84.39,1013.0,22.39,19.6733,87.8893
Jaipur,IN,26.9124,75.7873,1,15.45,63.36,964.3,8.52,8.3469,41.6677
Mexico City,MX,19.4326,-99.1332,8,19.31,73.39,771.74,14.43,12.1763,54.397
Karachi,PK,24.8607,67.0011,5,30.01,59.05,1006.6,21.12,17.9352,89.5325
Istanbul,TR,41.0082,28.9784,5,19.28,58.28,1010.48,10.88,9.6518,48.1817
Kuala Lumpur,MY,3.139,101.6869,6,30.26,85.99,1008.56,27.64,26.4673,127.0429
Delhi,IN,28.6139,77.209,7,33.59,71.55,1000.18,27.72,26.3172,121.2698
Colombo,LK,6.9271,79.8612,7,23.18,74.7,1011.67,18.43,15.5108,71.4737
Mexico City,MX,19.4326,-99.1332,12,14.51,57.69,777.68,6.27,7.1784,34.4563
Amman,JO,31.9454,35.9284,9,21.73,35.66,919.01,5.85,6.812,30.0818
Jaipur,IN,26.9124,75.7873,4,33.07,28.19,950.01,12.2,10.0859,51.7664
Mumbai,IN,19.076,72.8777,9,19.57,88.56,1006.94,17.63,14.9205,65.8888
Amman,JO,31.9454,35.9284,8,27.93,21.36,912.75,3.81,5.7912,25.8721
Anchorage,US,61.2181,-149.9003,4,3.89,67.22,1016.7,-1.63,4.2422,21.7731
São Paulo,BR,-23.5505,-46.6333,5,16.29,82.76,929.71,13.35,11.4676,57.2463
Jakarta,ID,-6.2088,106.8456,10,28.48,78.07,1012.16,24.27,21.8126,97.4468
Paris,FR,48.8566,2.3522,1,5.22,81.29,1013.76,2.28,5.6058,27.9839
Paris,FR,48.8566,2.3522,12,7.83,88.63,1014.45,6.07,7.245,34.7758
Melbourne,AU,-37.8136,144.9631,3,13.51,53.65,1013.58,4.29,6.2787,32.549
Dhaka,BD,23.7104,90.4074,6,27.83,80.96,998.93,24.26,21.8309,104.7885
Dubai,AE,25.2048,55.2708,6,38.46,61.9,1001.97,29.83,29.3023,140.6513
Beijing,CN,39.9042,116.4074,2,1.76,40.26,1015.78,-10.31,2.2022,11.3028
Mumbai,IN,19.076,72.8777,1,24.5,69.38,1016.3,18.52,15.5297,77.5242
Shanghai,CN,31.2304,121.4737,8,26.83,79.74,1013.79,23.03,20.3425,90.8791
São Paulo,BR,-23.5505,-46.6333,3,18.87,74.88,923.96,14.32,12.1072,62.7635
Casablanca,MA,33.5731,-7.5898,10,23.33,73.67,1011.78,18.36,15.4336,68.9486
Mexico City,MX,19.4326,-99.1332,9,11.29,73.04,773.39,6.64,7.4439,32.8725
Houston,US,29.7604,-95.3698,6,31.0,68.08,1014.36,24.41,21.816,104.7167
New York,US,40.7128,-74.006,2,1.22,60.69,1015.72,-5.53,3.1992,16.4203
Tokyo,JP,35.6762,139.6503,8,25.68,92.42,1011.08,24.35,22.1037,98.747
Sydney,AU,-33.8688,151.2093,8,13.44,55.88,1011.8,4.81,6.5104,29.0848
Dhaka,BD,23.7104,90.4074,8,26.36,85.59,1000.54,23.75,21.2735,95.0381
Johannesburg,ZA,-26.2041,28.0473,3,19.28,63.47,823.06,12.17,10.5154,54.512
Johannesburg,ZA,-26.2041,28.0473,6,12.13,39.23,831.9,-1.33,4.2137,20.2257
Miami,US,25.7617,-80.1918,7,30.56,81.85,1006.89,27.1,25.6145,118.0317
Paris,FR,48.8566,2.3522,6,17.46,72.77,1010.91,12.51,10.8167,51.9199
Rio de Janeiro,BR,-22.9068,-43.1729,5,25.13,68.47,1019.66,18.91,15.8839,79.2926
Mumbai,IN,19.076,72.8777,3,27.98,69.63,1009.83,21.9,18.9298,98.1321
Buenos Aires,AR,-34.6037,-58.3816,4,17.95,74.33,1014.66,13.31,11.3804,58.4104
Delhi,IN,28.6139,77.209,8,27.37,84.32,998.55,24.49,22.1665,99.0279
Mexico City,MX,19.4326,-99.1332,1,11.0,54.22,772.3,2.11,5.4246,27.0798
London,GB,51.5074,-0.1278,4,7.92,78.03,1010.89,4.33,6.4185,32.9434
Cairo,EG,30.0444,31.2357,8,33.91,50.38,1006.06,22.13,18.8471,84.1983
Los Angeles,US,34.0522,-118.2437,12,12.04,70.72,1017.08,6.89,7.554,36.2593
Chennai,IN,13.0827,80.2707,5,32.16,61.06,1007.69,23.68,20.8159,103.9132
Addis Ababa,ET,9.032,38.7492,7,13.41,88.43,769.55,11.54,10.2824,47.3811
Moscow,RU,55.7558,37.6173,12,-2.4,88.34,1017.77,-4.06,3.6261,17.4054
London,GB,51.5074,-0.1278,7,15.47,64.25,1020.11,8.75,8.4754,39.0548
Chicago,US,41.8781,-87.6298,9,16.24,70.02,1014.19,10.77,9.6771,42.734
Casablanca,MA,33.5731,-7.5898,7,27.29,70.8,1015.12,21.51,18.5216,85.3476
Chicago,US,41.8781,-87.6298,3,-1.64,66.55,1015.99,-7.04,2.8812,14.9362
Shanghai,CN,31.2304,121.4737,11,15.62,80.16,1015.22,12.21,10.667,49.1537
Nairobi,KE,-1.2921,36.8219,6,18.6,75.48,836.89,14.17,12.0071,57.634
Anchorage,US,61.2181,-149.9003,5,12.08,67.67,1014.61,6.29,7.2463,36.1736
Shanghai,CN,31.2304,121.4737,7,27.13,79.17,1010.38,23.2,20.529,94.5976
Chennai,IN,13.0827,80.2707,7,30.77,77.03,1003.79,26.27,24.3781,112.3342
São Paulo,BR,-23.5505,-46.6333,1,21.15,70.41,924.73,15.55,13.0112,64.9518
Riyadh,SA,24.6877,46.7219,6,37.32,5.91,918.85,-6.48,2.6417,12.6802
Hong Kong,HK,22.3193,114.1694,11,24.0,78.76,1011.81,20.07,17.1343,78.9546
Delhi,IN,28.6139,77.209,9,26.44,73.55,1002.58,21.32,18.3615,81.0842
Anchorage,US,61.2181,-149.9003,10,-0.93,70.15,1009.69,-5.68,3.1899,14.2505
Delhi,IN,28.6139,77.209,2,15.17,70.73,1014.21,9.89,9.1603,47.0158
Delhi,IN,28.6139,77.209,12,13.88,78.52,1014.28,10.2,9.395,45.096
Amman,JO,31.9454,35.9284,12,12.45,73.02,928.74,7.75,8.001,38.4047
Kuala Lumpur,MY,3.139,101.6869,6,27.29,86.91,1005.74,24.92,22.7462,109.1818
Hong Kong,HK,22.3193,114.1694,10,30.31,73.97,1010.41,25.14,22.8385,102.0298
Dhaka,BD,23.7104,90.4074,7,27.93,98.65,996.23,27.69,26.735,123.1949
Buenos Aires,AR,-34.6037,-58.3816,9,13.79,74.35,1016.84,9.3,8.8471,39.0686
São Paulo,BR,-23.5505,-46.6333,9,22.16,67.3,930.06,15.8,13.1793,58.1998
New York,US,40.7128,-74.006,2,-0.57,60.42,1016.79,-7.28,2.8165,14.456
Bangalore,IN,12.9716,77.5946,4,26.24,60.05,906.51,17.86,14.8214,76.0716
Dubai,AE,25.2048,55.2708,4,26.79,48.46,1013.42,14.99,12.3321,63.2953
Paris,FR,48.8566,2.3522,12,5.41,78.99,1013.86,2.06,5.5151,26.4725
Rio de Janeiro,BR,-22.9068,-43.1729,8,25.04,68.3,1017.54,18.78,15.7617,70.4147
Bangkok,TH,13.7563,100.5018,11,23.43,81.07,1010.82,19.99,17.0758,78.6853
Nairobi,KE,-1.2921,36.8219,7,18.93,65.64,838.83,12.35,10.6489,49.07
Jakarta,ID,-6.2088,106.8456,4,26.34,85.79,1011.07,23.76,21.2945,109.2953
Rio de Janeiro,BR,-22.9068,-43.1729,7,22.82,72.78,1013.28,17.67,14.8073,68.2323
Leh,IN,34.1526,77.577,11,1.32,52.49,652.91,-7.33,2.7865,12.8402
Cairo,EG,30.0444,31.2357,11,19.64,55.47,1017.14,10.47,9.3815,43.2301
Kuala Lumpur,MY,3.139,101.6869,6,26.92,83.77,1009.49,23.93,21.4763,103.0863
Hyderabad,IN,17.385,78.4867,8,28.03,72.26,944.49,22.55,19.6922,87.9737
Lahore,PK,31.5497,74.3436,3,21.34,60.57,984.8,13.39,11.3143,58.6531
Dubai,AE,25.2048,55.2708,6,34.04,49.65,1001.78,22.0,18.6979,89.7501
Chicago,US,41.8781,-87.6298,8,24.17,59.06,1015.27,15.66,12.9742,57.9615
Mumbai,IN,19.076,72.8777,2,24.82,74.52,1012.34,19.97,16.9836,87.1693
Cairo,EG,30.0444,31.2357,3,17.4,59.7,1016.72,9.48,8.8461,45.858
Colombo,LK,6.9271,79.8612,12,26.41,83.54,1008.13,23.39,20.8128,99.9012
Nairobi,KE,-1.2921,36.8219,3,23.08,77.49,831.54,18.93,16.0034,82.9614
Anchorage,US,61.2181,-149.9003,12,-10.13,88.33,1006.96,-11.68,2.066,9.917
Chennai,IN,13.0827,80.2707,5,31.28,70.3,1007.71,25.21,22.8615,114.1246
Tokyo,JP,35.6762,139.6503,4,14.07,59.75,1014.47,6.36,7.2332,37.1247
Hong Kong,HK,22.3193,114.1694,2,16.47,69.14,1009.03,10.79,9.6865,49.7166
Tokyo,JP,35.6762,139.6503,1,4.59,50.64,1018.45,-4.77,3.3491,16.7189
Addis Ababa,ET,9.032,38.7492,10,15.0,69.53,769.27,9.47,8.9135,39.8204
Anchorage,US,61.2181,-149.9003,1,-8.64,78.21,1006.03,-11.74,2.0449,10.2081
Lahore,PK,31.5497,74.3436,9,27.53,68.62,970.37,21.23,18.1988,80.3661
Sydney,AU,-33.8688,151.2093,12,22.43,73.57,1008.46,17.46,14.6311,70.2294
Sydney,AU,-33.8688,151.2093,4,12.04,51.24,1009.32,2.28,5.472,28.0855
Istanbul,TR,41.0082,28.9784,6,27.68,63.83,1013.87,20.19,17.0655,81.9145
Paris,FR,48.8566,2.3522,9,19.4,71.72,1013.89,14.16,11.9667,52.8449
Tokyo,JP,35.6762,139.6503,8,24.04,83.79,1009.61,21.12,18.2716,81.6272
Mumbai,IN,19.076,72.8777,9,28.63,83.22,1007.14,25.5,23.4453,103.5344
Riyadh,SA,24.6877,46.7219,9,36.35,14.45,925.72,5.0,6.1376,27.1037
Buenos Aires,AR,-34.6037,-58.3816,9,11.22,64.69,1014.28,4.82,6.5631,28.9826
Casablanca,MA,33.5731,-7.5898,8,22.2,57.04,1011.25,13.28,11.1964,50.0194
Bangalore,IN,12.9716,77.5946,8,21.81,84.81,909.84,19.14,16.2845,72.7499
Miami,US,25.7617,-80.1918,12,26.79,78.32,1022.91,22.69,19.9337,95.6819
Kolkata,IN,22.5726,88.3639,2,22.44,65.08,1009.24,15.54,12.9529,66.4815
Moscow,RU,55.7558,37.6173,10,3.64,87.72,1013.03,1.8,5.4469,24.3338
Casablanca,MA,33.5731,-7.5898,1,10.38,68.22,1011.21,4.77,6.5632,32.7636
Shanghai,CN,31.2304,121.4737,11,13.27,63.9,1014.3,6.58,7.3654,33.9399
Rio de Janeiro,BR,-22.9068,-43.1729,6,23.36,76.64,1016.46,19.02,16.0838,77.2023
Buenos Aires,AR,-34.6037,-58.3816,9,13.61,75.95,1014.66,9.45,8.9405,39.4811
Kathmandu,NP,27.7172,85.324,1,10.01,57.62,857.85,2.03,5.415,27.0315
Rio de Janeiro,BR,-22.9068,-43.1729,10,20.86,67.0,1010.39,14.5,12.1756,54.3938
Delhi,IN,28.6139,77.209,4,31.74,30.9,1003.35,12.45,10.2996,52.8631
Shanghai,CN,31.2304,121.4737,3,12.04,65.73,1016.66,5.82,7.0181,36.3817
Leh,IN,34.1526,77.577,10,9.24,46.71,652.67,-1.57,4.18,18.6741
Sydney,AU,-33.8688,151.2093,6,12.61,73.07,1013.04,7.91,8.0868,38.8166
Delhi,IN,28.6139,77.209,11,17.67,66.58,1019.54,11.37,10.0274,46.2065
Beijing,CN,39.9042,116.4074,3,4.67,36.72,1009.08,-8.86,2.4419,12.6589
Istanbul,TR,41.0082,28.9784,1,4.58,85.95,1014.72,2.44,5.6826,28.3673
São Paulo,BR,-23.5505,-46.6333,3,17.23,76.28,930.08,13.01,11.1831,57.973
Sydney,AU,-33.8688,151.2093,3,22.69,62.46,1009.55,15.14,12.6114,65.3774
Houston,US,29.7604,-95.3698,5,25.55,73.49,1013.61,20.45,17.4521,87.121
London,GB,51.5074,-0.1278,3,9.35,78.46,1014.35,5.8,7.0724,36.6634
Johannesburg,ZA,-26.2041,28.0473,11,18.26,54.85,826.99,9.02,8.5531,39.4127
Tokyo,JP,35.6762,139.6503,12,3.54,56.01,1013.21,-4.41,3.4537,16.5778
Berlin,DE,52.52,13.405,3,6.96,72.01,1012.36,2.26,5.5646,28.8468
Kathmandu,NP,27.7172,85.324,7,29.66,77.08,851.21,25.2,22.9656,105.8254
Cairo,EG,30.0444,31.2357,9,28.32,34.38,1010.52,11.1,9.5183,42.033
Tokyo,JP,35.6762,139.6503,10,21.99,59.82,1012.41,13.81,11.5991,51.8184
Mumbai,IN,19.076,72.8777,5,31.04,95.31,1005.19,30.2,30.6117,152.8138
Chennai,IN,13.0827,80.2707,1,25.31,71.11,1012.09,19.69,16.6606,83.1696
Melbourne,AU,-37.8136,144.9631,4,16.16,74.17,1014.54,11.56,10.2017,52.3605
Anchorage,US,61.2181,-149.9003,7,16.98,65.47,1009.9,10.46,9.4599,43.591
Sydney,AU,-33.8688,151.2093,2,22.8,70.69,1013.61,17.19,14.3673,73.7408
Paris,FR,48.8566,2.3522,10,14.56,78.8,1012.98,10.92,9.8313,43.9209
Buenos Aires,AR,-34.6037,-58.3816,2,27.91,65.25,1009.03,20.77,17.6649,90.6658
Cairo,EG,30.0444,31.2357,3,17.77,48.79,1009.81,6.85,7.389,38.3045
Cairo,EG,30.0444,31.2357,11,21.63,65.59,1015.92,14.9,12.4583,57.4078
Melbourne,AU,-37.8136,144.9631,1,24.14,55.53,1009.52,14.67,12.178,60.7924
Riyadh,SA,24.6877,46.7219,11,25.26,29.38,940.61,6.13,6.8638,31.6285
Cairo,EG,30.0444,31.2357,5,26.67,32.85,1007.73,8.99,8.3075,41.4713
Colombo,LK,6.9271,79.8612,6,24.29,77.56,1005.87,20.11,17.157,82.3538
Shanghai,CN,31.2304,121.4737,2,7.53,78.07,1015.0,3.96,6.2599,32.1294
Hong Kong,HK,22.3193,114.1694,10,28.54,67.55,1018.63,21.93,18.9309,84.5727
Kolkata,IN,22.5726,88.3639,7,29.49,83.56,997.48,26.4,24.6651,113.6568
New York,US,40.7128,-74.006,12,4.78,65.84,1020.51,-1.07,4.4086,21.1612
Casablanca,MA,33.5731,-7.5898,7,22.59,60.61,1004.85,14.58,12.1708,56.0832
Los Angeles,US,34.0522,-118.2437,12,17.22,64.83,1019.85,10.54,9.4993,45.5965
Nairobi,KE,-1.2921,36.8219,4,17.71,78.73,834.18,13.97,11.8817,60.9832
Anchorage,US,61.2181,-149.9003,6,15.58,53.75,1012.24,6.24,7.1364,34.2548
Riyadh,SA,24.6877,46.7219,1,17.04,35.84,943.28,1.79,5.197,25.9436
Hong Kong,HK,22.3193,114.1694,12,16.89,66.84,1016.0,10.68,9.6031,46.0951
Singapore,SG,1.3521,103.8198,4,32.16,87.07,1008.26,29.73,29.6857,152.3636
Istanbul,TR,41.0082,28.9784,8,28.13,60.92,1014.99,19.86,16.6921,74.5712
Anchorage,US,61.2181,-149.9003,6,11.15,58.89,1011.21,3.41,5.9482,28.5515
Sydney,AU,-33.8688,151.2093,12,23.44,51.88,1014.49,12.98,10.9351,52.4886
Hyderabad,IN,17.385,78.4867,4,30.25,30.81,946.14,11.13,9.4801,48.657
London,GB,51.5074,-0.1278,6,14.73,65.61,1013.55,8.35,8.2729,39.71
Chennai,IN,13.0827,80.2707,8,32.37,48.6,1006.16,20.13,16.7556,74.8546
Paris,FR,48.8566,2.3522,2,3.7,75.01,1016.52,-0.31,4.6774,24.0069
Hyderabad,IN,17.385,78.4867,4,30.06,40.54,943.7,15.17,12.3461,63.3672
Colombo,LK,6.9271,79.8612,12,24.44,85.69,1009.11,21.88,19.1134,91.7441
Chicago,US,41.8781,-87.6298,6,23.62,68.81,1012.41,17.54,14.6518,70.3287
Melbourne,AU,-37.8136,144.9631,12,20.98,66.16,1013.6,14.42,12.1028,58.0936
Kolkata,IN,22.5726,88.3639,3,28.93,57.65,1012.69,19.72,16.5074,85.5743
Lahore,PK,31.5497,74.3436,12,12.87,64.72,992.57,6.39,7.2769,34.9292
Kuala Lumpur,MY,3.139,101.6869,4,22.98,80.46,1005.75,19.43,16.5172,84.7756
Moscow,RU,55.7558,37.6173,1,-7.01,96.36,1013.53,-7.49,2.8405,14.1797
Nairobi,KE,-1.2921,36.8219,6,16.85,81.16,836.8,13.6,11.6377,55.8609
Istanbul,TR,41.0082,28.9784,10,19.15,69.49,1016.43,13.43,11.419,51.0139
Los Angeles,US,34.0522,-118.2437,11,13.93,57.01,1014.66,5.55,6.8458,31.5455
Nairobi,KE,-1.2921,36.8219,8,13.68,78.72,843.83,10.05,9.3082,41.5838
Rome,IT,41.9028,12.4964,11,11.22,66.93,1019.48,5.3,6.7883,31.2806
Singapore,SG,1.3521,103.8198,7,25.63,77.87,1013.93,21.47,18.5794,85.6139
Rome,IT,41.9028,12.4964,5,20.3,51.27,1016.07,9.9,9.0153,45.0042
Dhaka,BD,23.7104,90.4074,11,19.13,68.64,1009.82,13.22,11.2677,51.9215
Melbourne,AU,-37.8136,144.9631,2,21.6,62.45,1011.05,14.11,11.8437,60.7883
Leh,IN,34.1526,77.577,12,-5.67,56.7,656.17,-12.88,1.843,8.8465
Paris,FR,48.8566,2.3522,9,17.17,71.29,1009.42,11.92,10.4157,45.9958
Houston,US,29.7604,-95.3698,11,19.38,72.46,1019.15,14.29,12.0712,55.6243
Kuala Lumpur,MY,3.139,101.6869,3,29.17,85.96,1007.67,26.57,24.9387,129.2822
Anchorage,US,61.2181,-149.9003,9,9.09,66.12,1007.43,3.1,5.8615,25.8845
Dubai,AE,25.2048,55.2708,8,34.8,53.72,1003.19,24.01,21.0612,94.09
Kathmandu,NP,27.7172,85.324,2,10.59,58.27,854.26,2.74,5.6826,29.1665
Amman,JO,31.9454,35.9284,9,25.79,23.86,912.55,3.6,5.7433,25.3623
Miami,US,25.7617,-80.1918,5,26.2,70.93,1016.65,20.49,17.464,87.1805
Riyadh,SA,24.6877,46.7219,8,37.33,9.01,924.09,-0.86,4.0267,17.9889
Addis Ababa,ET,9.032,38.7492,4,18.81,62.78,762.61,11.56,10.1154,51.9179
Sydney,AU,-33.8688,151.2093,7,9.58,62.44,1014.3,2.76,5.7099,26.3112
Houston,US,29.7604,-95.3698,1,11.77,72.6,1016.77,7.01,7.6245,38.0613
London,GB,51.5074,-0.1278,9,14.43,68.66,1014.54,8.74,8.4992,37.5325
Melbourne,AU,-37.8136,144.9631,10,12.91,58.74,1016.0,5.03,6.6218,29.5827
Istanbul,TR,41.0082,28.9784,7,22.55,66.63,1014.1,16.02,13.3489,61.5119
Kuala Lumpur,MY,3.139,101.6869,10,27.1,84.09,1007.93,24.17,21.7687,97.2504
Anchorage,US,61.2181,-149.9003,11,-1.54,80.22,1002.35,-4.5,3.4958,16.1088
Beijing,CN,39.9042,116.4074,6,23.17,64.08,1004.08,15.99,13.2966,63.8239
Jaipur,IN,26.9124,75.7873,10,24.63,34.46,957.54,7.91,7.7714,34.7185
Leh,IN,34.1526,77.577,3,-1.27,40.81,650.99,-12.88,1.8123,9.3951
Istanbul,TR,41.0082,28.9784,5,13.38,72.57,1012.32,8.55,8.4225,42.045
Kolkata,IN,22.5726,88.3639,8,29.28,82.94,1002.49,26.08,24.2165,108.1857
Jaipur,IN,26.9124,75.7873,5,38.56,20.2,949.24,11.71,9.613,47.9882
Mexico City,MX,19.4326,-99.1332,2,14.74,56.98,774.16,6.3,7.1869,36.8872
Bangalore,IN,12.9716,77.5946,7,22.59,78.02,912.79,18.55,15.6612,72.1669
Mumbai,IN,19.076,72.8777,6,29.99,91.61,1002.47,28.46,27.7843,133.3647
Berlin,DE,52.52,13.405,10,6.1,83.58,1011.9,3.53,6.1064,27.2799
Singapore,SG,1.3521,103.8198,7,26.73,88.28,1011.48,24.62,22.3867,103.1581
Bangkok,TH,13.7563,100.5018,6,30.47,66.38,1004.49,23.48,20.6645,99.1896
Addis Ababa,ET,9.032,38.7492,9,15.0,88.57,767.67,13.12,11.3493,50.1184
Rio de Janeiro,BR,-22.9068,-43.1729,7,18.69,66.92,1013.53,12.42,10.7047,49.3273
Bangalore,IN,12.9716,77.5946,6,22.27,76.19,908.77,17.87,15.0175,72.0842
Dhaka,BD,23.7104,90.4074,1,16.19,77.62,1014.81,12.27,10.6927,53.3782
Lahore,PK,31.5497,74.3436,5,32.94,39.83,968.35,17.45,14.1532,70.6529
Lagos,NG,6.5244,3.3792,8,26.37,79.06,1008.12,22.44,19.6563,87.8134
Moscow,RU,55.7558,37.6173,9,14.31,68.43,1011.29,8.58,8.4097,37.1371
Houston,US,29.7604,-95.3698,9,28.72,63.34,1012.27,21.05,17.9324,79.1895
São Paulo,BR,-23.5505,-46.6333,1,19.52,77.34,928.23,15.44,12.9889,64.8407
Amman,JO,31.9454,35.9284,10,22.28,32.51,919.49,5.01,6.4106,28.6389
Amman,JO,31.9454,35.9284,1,8.49,63.77,922.17,2.03,5.4419,27.1661
Buenos Aires,AR,-34.6037,-58.3816,9,15.78,71.75,1012.74,10.69,9.6446,42.5906
Hyderabad,IN,17.385,78.4867,10,23.85,59.48,952.93,15.47,12.8331,57.3311
Rome,IT,41.9028,12.4964,4,13.42,69.49,1016.71,7.95,8.0833,41.4877
Shanghai,CN,31.2304,121.4737,2,7.74,80.27,1016.19,4.56,6.5257,33.4937
Karachi,PK,24.8607,67.0011,12,17.76,70.13,1019.68,12.24,10.6138,50.9462
Lahore,PK,31.5497,74.3436,11,15.35,63.63,984.36,8.49,8.3324,38.3955
Nairobi,KE,-1.2921,36.8219,11,15.49,77.27,834.04,11.53,10.2034,47.0171
Cairo,EG,30.0444,31.2357,10,25.05,40.85,1007.47,10.81,9.4342,42.1467
Mumbai,IN,19.076,72.8777,6,29.54,78.5,1001.93,25.39,23.2347,111.5267
Houston,US,29.7604,-95.3698,5,27.56,81.2,1013.68,24.04,21.5692,107.6734
Karachi,PK,24.8607,67.0011,9,29.28,72.44,1011.72,23.8,21.1435,93.3695
Kathmandu,NP,27.7172,85.324,9,26.2,78.92,852.43,22.24,19.4333,85.8173
Hong Kong,HK,22.3193,114.1694,7,24.78,87.46,1011.77,22.55,19.8853,91.6315
Chennai,IN,13.0827,80.2707,12,24.92,76.01,1019.53,20.39,17.4269,83.6493
Singapore,SG,1.3521,103.8198,9,27.86,80.66,1009.34,24.21,21.775,96.1584
Beijing,CN,39.9042,116.4074,7,24.38,78.8,1005.2,20.45,17.5174,80.7201
Berlin,DE,52.52,13.405,4,8.11,61.88,1011.81,1.24,5.1514,26.4399
Mexico City,MX,19.4326,-99.1332,11,13.77,63.62,779.41,6.99,7.5614,34.8428
Tokyo,JP,35.6762,139.6503,8,27.17,92.93,1010.27,25.92,24.1577,107.9232
Moscow,RU,55.7558,37.6173,8,17.99,69.85,1008.71,12.4,10.7176,47.8802
Miami,US,25.7617,-80.1918,2,24.34,57.72,1016.52,15.46,12.8062,65.7283
Houston,US,29.7604,-95.3698,11,20.03,70.14,1017.26,14.41,12.1381,55.9324
Los Angeles,US,34.0522,-118.2437,11,18.97,76.72,1016.34,14.78,12.4728,57.4748
Singapore,SG,1.3521,103.8198,2,27.74,78.88,1012.33,23.73,21.1587,108.5979
Delhi,IN,28.6139,77.209,1,17.26,87.68,1016.24,15.2,12.8817,64.3055
Lagos,NG,6.5244,3.3792,10,29.7,92.92,1008.21,28.43,27.7507,123.9747
New York,US,40.7128,-74.006,1,-4.16,73.06,1015.69,-8.26,2.6462,13.21
Mumbai,IN,19.076,72.8777,10,32.39,82.32,1011.05,28.98,28.4161,126.9472
Paris,FR,48.8566,2.3522,6,16.81,70.49,1010.32,11.41,10.0805,48.3864
Lagos,NG,6.5244,3.3792,11,30.08,79.47,1008.26,26.13,24.2326,111.6639
Istanbul,TR,41.0082,28.9784,10,17.97,76.52,1017.03,13.78,11.7269,52.3894
Chennai,IN,13.0827,80.2707,11,25.67,87.79,1010.58,23.48,20.9847,96.6974
Jaipur,IN,26.9124,75.7873,11,20.95,44.35,962.42,8.34,8.0977,37.314
Moscow,RU,55.7558,37.6173,5,11.62,58.02,1010.8,3.64,6.0364,30.1337
Jaipur,IN,26.9124,75.7873,12,17.59,57.35,971.17,9.06,8.5916,41.2399
Riyadh,SA,24.6877,46.7219,10,30.84,14.86,935.85,1.06,4.7187,21.0805
Nairobi,KE,-1.2921,36.8219,5,19.4,80.07,833.8,15.87,13.3535,66.6604
Dubai,AE,25.2048,55.2708,7,37.8,69.97,1002.32,31.35,32.0342,147.6134
Moscow,RU,55.7558,37.6173,8,20.96,61.53,1013.12,13.28,11.2446,50.2348
Mexico City,MX,19.4326,-99.1332,6,14.26,67.62,771.67,8.35,8.2832,39.7594
New York,US,40.7128,-74.006,12,7.41,68.37,1014.09,1.97,5.4403,26.1136
Jaipur,IN,26.9124,75.7873,1,16.47,70.69,973.12,11.12,9.9022,49.4316
Los Angeles,US,34.0522,-118.2437,4,19.76,57.85,1006.73,11.22,9.8577,50.595
Houston,US,29.7604,-95.3698,8,32.23,74.27,1013.56,27.06,25.4215,113.5691
Moscow,RU,55.7558,37.6173,7,21.48,57.63,1010.99,12.76,10.8527,50.0094
Kathmandu,NP,27.7172,85.324,5,18.19,50.38,855.54,7.7,7.8228,39.0513
Mumbai,IN,19.076,72.8777,3,35.67,72.54,1006.96,29.94,29.7424,154.1848
Chicago,US,41.8781,-87.6298,9,16.15,61.42,1014.7,8.73,8.4431,37.2848
Miami,US,25.7617,-80.1918,6,27.93,71.14,1009.37,22.2,19.2828,92.5572
Casablanca,MA,33.5731,-7.5898,3,16.54,76.64,1015.82,12.42,10.7837,55.9028
Hyderabad,IN,17.385,78.4867,3,28.32,33.67,949.06,10.79,9.3253,48.3423
Anchorage,US,61.2181,-149.9003,10,2.87,82.27,1003.01,0.15,4.8495,21.6647
Bangkok,TH,13.7563,100.5018,4,31.83,71.27,1005.94,25.96,23.8691,122.5092
Jaipur,IN,26.9124,75.7873,4,29.26,27.83,951.01,8.76,8.1119,41.6349
Buenos Aires,AR,-34.6037,-58.3816,3,21.33,64.0,1014.07,14.23,11.9469,61.9328
Cairo,EG,30.0444,31.2357,11,21.0,63.64,1012.19,13.84,11.6577,53.7186
Chennai,IN,13.0827,80.2707,7,30.38,76.88,1006.67,25.85,23.8178,109.7524
Beijing,CN,39.9042,116.4074,4,17.46,43.78,1010.0,5.0,6.5087,33.4061
Kathmandu,NP,27.7172,85.324,11,12.26,70.12,860.25,6.97,7.5891,34.9706
Rome,IT,41.9028,12.4964,12,9.52,81.58,1016.28,6.53,7.4348,35.6872
Anchorage,US,61.2181,-149.9003,12,-11.5,75.33,1009.39,-14.98,1.5879,7.6221
Rome,IT,41.9028,12.4964,2,11.01,76.15,1016.51,6.97,7.6235,39.1281
Jakarta,ID,-6.2088,106.8456,7,25.43,73.54,1013.12,20.35,17.3502,79.9498
Rome,IT,41.9028,12.4964,7,26.05,50.32,1014.13,14.9,12.289,56.6277
Johannesburg,ZA,-26.2041,28.0473,3,17.32,47.41,824.45,6.02,6.9883,36.2272
Hyderabad,IN,17.385,78.4867,2,24.93,55.03,950.13,15.26,12.6215,64.7806
Kuala Lumpur,MY,3.139,101.6869,9,24.98,83.34,1003.17,21.95,19.1706,84.6574
Paris,FR,48.8566,2.3522,2,7.07,80.5,1012.88,3.94,6.2635,32.1476
Chennai,IN,13.0827,80.2707,5,32.66,73.71,1002.76,27.33,25.8024,128.8054
Kuala Lumpur,MY,3.139,101.6869,2,32.8,75.07,1008.8,27.78,26.4805,135.9125
Rome,IT,41.9028,12.4964,3,17.17,60.35,1014.84,9.42,8.8195,45.7203
Tokyo,JP,35.6762,139.6503,1,7.32,51.64,1015.83,-1.97,4.0862,20.3985
Amman,JO,31.9454,35.9284,6,27.34,24.37,916.46,5.19,6.3924,30.6837
Karachi,PK,24.8607,67.0011,7,29.56,74.92,1005.45,24.63,22.2018,102.3061
Cairo,EG,30.0444,31.2357,4,23.69,40.18,1013.75,9.35,8.5911,44.0942
Rio de Janeiro,BR,-22.9068,-43.1729,7,19.73,73.45,1015.93,14.84,12.4905,57.5563
Los Angeles,US,34.0522,-118.2437,11,17.8,60.46,1016.57,10.04,9.1718,42.2635
Jakarta,ID,-6.2088,106.8456,12,23.55,78.68,1009.79,19.62,16.6858,80.0919
Rio de Janeiro,BR,-22.9068,-43.1729,12,24.42,84.43,1012.87,21.62,18.8183,90.3277
Chennai,IN,13.0827,80.2707,12,26.03,76.78,1011.06,21.63,18.7302,89.9052
Dhaka,BD,23.7104,90.4074,4,33.06,56.84,1007.46,23.33,20.3255,104.3219
Hyderabad,IN,17.385,78.4867,9,25.05,77.06,944.31,20.74,17.7949,78.5824
Nairobi,KE,-1.2921,36.8219,9,22.22,70.48,840.61,16.59,13.8552,61.1847
Dhaka,BD,23.7104,90.4074,1,21.79,80.02,1015.58,18.18,15.3384,76.5693
Melbourne,AU,-37.8136,144.9631,10,14.89,76.81,1014.6,10.86,9.7799,43.6912
Kolkata,IN,22.5726,88.3639,4,32.63,57.89,1002.41,23.24,20.2365,103.8648
Casablanca,MA,33.5731,-7.5898,8,25.69,59.15,1007.41,17.11,14.1589,63.2541
Miami,US,25.7617,-80.1918,7,29.56,76.83,1011.63,25.05,22.7707,104.9272
Berlin,DE,52.52,13.405,10,10.13,76.53,1014.72,6.19,7.2492,32.3854
Shanghai,CN,31.2304,121.4737,6,22.04,77.63,1007.6,17.94,15.1004,72.482
Paris,FR,48.8566,2.3522,9,18.2,70.58,1011.01,12.76,10.9651,48.422
Beijing,CN,39.9042,116.4074,5,18.62,46.97,1006.38,7.07,7.4829,37.3548
Los Angeles,US,34.0522,-118.2437,3,15.21,58.99,1015.46,7.25,7.6587,39.7026
Riyadh,SA,24.6877,46.7219,4,27.21,17.05,931.67,0.07,4.4416,22.7966
Los Angeles,US,34.0522,-118.2437,1,13.8,67.83,1017.51,7.95,8.0765,40.3179
Kathmandu,NP,27.7172,85.324,8,25.92,81.22,851.28,22.44,19.6925,87.9752
Chennai,IN,13.0827,80.2707,11,25.27,80.86,1011.64,21.74,18.9072,87.1244
Riyadh,SA,24.6877,46.7219,8,40.02,5.0,921.6,-6.78,2.5614,11.4427
Kathmandu,NP,27.7172,85.324,11,9.65,51.88,859.63,0.24,4.7654,21.9588
Anchorage,US,61.2181,-149.9003,3,0.52,75.28,1007.77,-3.34,3.7851,19.6219
Anchorage,US,61.2181,-149.9003,2,-11.53,68.1,1014.28,-16.22,1.4329,7.3543
Kuala Lumpur,MY,3.139,101.6869,7,28.45,84.24,1009.45,25.52,23.4923,108.2526
Delhi,IN,28.6139,77.209,10,27.6,63.41,1012.88,20.02,16.8841,75.4288
Paris,FR,48.8566,2.3522,11,5.17,76.76,1012.44,1.43,5.2748,24.3063
Leh,IN,34.1526,77.577,10,3.98,43.6,651.68,-7.28,2.7683,12.3674
Moscow,RU,55.7558,37.6173,8,19.71,56.56,1009.02,10.83,9.6103,42.9337
Sydney,AU,-33.8688,151.2093,12,25.04,70.51,1011.97,19.29,16.2701,78.0966
Rome,IT,41.9028,12.4964,9,20.69,62.56,1011.46,13.28,11.2562,49.7072
Melbourne,AU,-37.8136,144.9631,9,11.56,69.19,1013.24,6.11,7.1699,31.6622
Melbourne,AU,-37.8136,144.9631,1,18.51,49.29,1014.25,7.68,7.803,38.9525
Cairo,EG,30.0444,31.2357,12,12.11,61.35,1010.49,4.89,6.5792,31.5803
Hyderabad,IN,17.385,78.4867,4,31.29,34.6,947.42,13.8,11.2629,57.8073
Kolkata,IN,22.5726,88.3639,1,19.89,76.49,1012.88,15.63,13.1348,65.569
Moscow,RU,55.7558,37.6173,4,7.43,72.44,1011.45,2.8,5.7724,29.6273
Johannesburg,ZA,-26.2041,28.0473,4,17.32,56.38,825.62,8.55,8.3126,42.6649
Paris,FR,48.8566,2.3522,12,4.84,77.23,1015.66,1.2,5.1942,24.9323
Addis Ababa,ET,9.032,38.7492,9,16.66,88.1,769.19,14.67,12.4822,55.1215
Istanbul,TR,41.0082,28.9784,8,28.01,64.47,1008.63,20.67,17.558,78.4394
Istanbul,TR,41.0082,28.9784,4,13.61,70.5,1012.78,8.35,8.2996,42.5981
Singapore,SG,1.3521,103.8198,12,22.47,92.63,1006.47,21.22,18.4718,88.6647
Casablanca,MA,33.5731,-7.5898,4,16.73,68.07,1012.67,10.8,9.6858,49.7129
Chicago,US,41.8781,-87.6298,3,5.14,62.02,1014.25,-1.53,4.2552,22.0589
Kathmandu,NP,27.7172,85.324,5,23.15,67.75,860.0,16.85,14.0447,70.1111
Dhaka,BD,23.7104,90.4074,12,20.05,73.97,1012.97,15.26,12.8158,61.5161
Shanghai,CN,31.2304,121.4737,3,8.73,82.94,1012.25,6.0,7.1862,37.2534
Singapore,SG,1.3521,103.8198,5,26.04,74.59,1009.56,21.17,18.2105,90.9071
Chicago,US,41.8781,-87.6298,11,-0.26,75.18,1018.65,-4.11,3.5812,16.5023
Tokyo,JP,35.6762,139.6503,12,11.48,42.42,1015.11,-0.85,4.3753,21.0015
Istanbul,TR,41.0082,28.9784,12,8.71,82.51,1015.07,5.89,7.1362,34.2539
Amman,JO,31.9454,35.9284,9,24.83,29.81,922.01,5.97,6.7969,30.0149
Kolkata,IN,22.5726,88.3639,7,27.45,87.19,1002.1,25.12,23.018,106.0669
Addis Ababa,ET,9.032,38.7492,7,17.71,90.56,775.51,16.15,13.6707,62.9944
Paris,FR,48.8566,2.3522,4,18.65,71.93,1014.51,13.48,11.4775,58.9087
Mumbai,IN,19.076,72.8777,2,30.11,63.3,1012.54,22.35,19.3284,99.2039
Bangkok,TH,13.7563,100.5018,5,29.79,72.15,1004.4,24.22,21.6543,108.0983
Paris,FR,48.8566,2.3522,2,3.02,79.56,1013.44,-0.17,4.7382,24.3193
Paris,FR,48.8566,2.3522,7,23.19,63.7,1012.03,15.92,13.2366,60.9941
Kolkata,IN,22.5726,88.3639,5,31.92,69.57,999.96,25.65,23.4208,116.9165
Tokyo,JP,35.6762,139.6503,11,13.11,62.37,1016.4,6.07,7.1168,32.7942
Casablanca,MA,33.5731,-7.5898,4,16.33,81.69,1015.54,13.19,11.3469,58.2384
Hong Kong,HK,22.3193,114.1694,1,12.91,80.94,1010.49,9.72,9.1245,45.5493
São Paulo,BR,-23.5505,-46.6333,8,18.63,62.57,930.38,11.34,9.975,44.5626
Hong Kong,HK,22.3193,114.1694,2,16.06,89.74,1010.89,14.38,12.2693,62.9729
Anchorage,US,61.2181,-149.9003,11,-2.82,80.34,1011.41,-5.72,3.2013,14.7514
Hyderabad,IN,17.385,78.4867,9,27.16,76.91,951.04,22.75,19.9836,88.2475
Chicago,US,41.8781,-87.6298,5,13.55,52.14,1009.52,3.92,6.1155,30.5285
Bangkok,TH,13.7563,100.5018,8,24.25,78.5,1009.63,20.27,17.3285,77.4143
Lagos,NG,6.5244,3.3792,2,27.78,76.22,1011.54,23.2,20.4953,105.1931
Tokyo,JP,35.6762,139.6503,9,25.23,68.36,1012.4,18.97,15.9424,70.4015
Jaipur,IN,26.9124,75.7873,3,21.44,41.9,957.75,7.95,7.8733,40.8152
Lahore,PK,31.5497,74.3436,8,32.23,77.59,963.21,27.8,26.5464,118.5946
Jakarta,ID,-6.2088,106.8456,9,28.73,68.67,1012.87,22.38,19.449,85.8866
Kolkata,IN,22.5726,88.3639,7,31.9,90.13,1001.27,30.08,30.3121,139.6783
Dhaka,BD,23.7104,90.4074,9,31.58,74.57,1003.9,26.49,24.6441,108.8284
Cairo,EG,30.0444,31.2357,8,31.43,26.84,1008.4,10.07,8.8028,39.326
Jakarta,ID,-6.2088,106.8456,8,28.4,73.31,1011.86,23.15,20.3937,91.1077
Bangkok,TH,13.7563,100.5018,10,31.39,75.94,1007.29,26.62,24.848,111.007
Beijing,CN,39.9042,116.4074,12,3.83,43.65,1020.85,-7.4,2.745,13.1758
Anchorage,US,61.2181,-149.9003,7,20.27,70.38,1010.59,14.7,12.3539,56.9269
Rio de Janeiro,BR,-22.9068,-43.1729,4,28.65,72.19,1011.62,23.13,20.3575,104.486
New York,US,40.7128,-74.006,11,9.4,68.7,1016.73,3.93,6.2097,28.6142
Riyadh,SA,24.6877,46.7219,2,17.22,30.5,938.02,-0.29,4.4704,22.9448
Hyderabad,IN,17.385,78.4867,11,20.53,52.24,959.81,10.4,9.312,42.9095
Anchorage,US,61.2181,-149.9003,5,10.65,74.0,1010.39,6.21,7.2451,36.1674
Mumbai,IN,19.076,72.8777,8,26.4,94.39,1003.07,25.42,23.5074,105.0179
Addis Ababa,ET,9.032,38.7492,10,18.72,66.02,773.54,12.24,10.5801,47.2659
Los Angeles,US,34.0522,-118.2437,9,23.3,58.59,1009.9,14.72,12.2535,54.1114
Lahore,PK,31.5497,74.3436,10,21.93,54.34,977.82,12.29,10.5068,46.9385
Rome,IT,41.9028,12.4964,3,12.0,63.16,1013.44,5.21,6.727,34.8727
Rio de Janeiro,BR,-22.9068,-43.1729,4,21.12,72.38,1011.04,15.95,13.3476,68.5072
Chennai,IN,13.0827,80.2707,2,25.45,65.97,1013.92,18.61,15.5786,79.9582
Dhaka,BD,23.7104,90.4074,7,27.57,89.4,1001.32,25.67,23.7604,109.488
Mumbai,IN,19.076,72.8777,3,29.45,71.83,1013.41,23.82,21.1614,109.7006
Addis Ababa,ET,9.032,38.7492,4,16.83,69.16,767.78,11.14,9.8991,50.8077
Sydney,AU,-33.8688,151.2093,7,4.65,68.14,1014.46,-0.72,4.5247,20.8498
Rio de Janeiro,BR,-22.9068,-43.1729,6,23.93,65.27,1016.67,17.01,14.15,67.9201
Houston,US,29.7604,-95.3698,3,17.97,65.09,1013.83,11.31,9.9777,51.7243
Lagos,NG,6.5244,3.3792,2,30.97,80.76,1007.02,27.26,25.831,132.579
Chicago,US,41.8781,-87.6298,1,-3.16,62.08,1017.21,-9.38,2.414,12.0508
Chicago,US,41.8781,-87.6298,11,-1.9,73.67,1016.73,-5.97,3.1304,14.4249
Jaipur,IN,26.9124,75.7873,3,27.07,40.26,958.52,12.39,10.4064,53.9469
Leh,IN,34.1526,77.577,8,22.66,56.73,649.65,13.62,11.4324,51.0735
Kathmandu,NP,27.7172,85.324,2,16.11,60.63,858.8,8.49,8.3126,42.665
Mumbai,IN,19.076,72.8777,2,28.02,68.14,1014.41,21.58,18.5585,95.2526
Rome,IT,41.9028,12.4964,12,11.99,56.77,1017.86,3.67,6.0428,29.0054
Dubai,AE,25.2048,55.2708,2,19.99,69.94,1021.24,14.34,12.0786,61.9943
Chicago,US,41.8781,-87.6298,11,3.72,83.67,1018.27,1.21,5.2223,24.0643
Bangkok,TH,13.7563,100.5018,9,25.73,80.17,1006.39,22.05,19.2371,84.951
London,GB,51.5074,-0.1278,3,8.77,83.49,1013.65,6.13,7.2531,37.6001
Kolkata,IN,22.5726,88.3639,11,28.08,75.8,1013.13,23.39,20.7148,95.4536
Jaipur,IN,26.9124,75.7873,4,33.56,22.72,955.04,9.37,8.344,42.8261
Rio de Janeiro,BR,-22.9068,-43.1729,1,30.75,91.85,1007.7,29.26,29.0314,144.9249
Bangkok,TH,13.7563,100.5018,5,27.62,74.96,1009.66,22.77,19.9732,99.7064
Leh,IN,34.1526,77.577,3,0.89,53.47,655.29,-7.49,2.7564,14.2894
Johannesburg,ZA,-26.2041,28.0473,5,13.46,53.2,830.29,4.13,6.206,30.9802
Addis Ababa,ET,9.032,38.7492,11,16.51,63.73,773.51,9.61,8.9507,41.2446
Rio de Janeiro,BR,-22.9068,-43.1729,2,28.24,79.73,1005.39,24.39,21.9859,112.8438
Kuala Lumpur,MY,3.139,101.6869,7,29.56,78.44,1009.4,25.4,23.2468,107.1213
Hyderabad,IN,17.385,78.4867,1,17.62,73.25,952.31,12.77,10.9955,54.8893
Johannesburg,ZA,-26.2041,28.0473,10,17.61,47.08,830.01,6.19,7.0649,31.5621
Riyadh,SA,24.6877,46.7219,12,12.61,45.66,939.19,1.19,5.0533,24.256
Nairobi,KE,-1.2921,36.8219,7,12.36,74.47,840.24,7.94,8.1105,37.373
Shanghai,CN,31.2304,121.4737,1,7.15,77.16,1019.73,3.42,6.035,30.1266
Moscow,RU,55.7558,37.6173,8,22.27,59.32,1010.82,13.94,11.69,52.2243
Chennai,IN,13.0827,80.2707,11,30.82,91.28,1008.72,29.22,28.9565,133.4317
Los Angeles,US,34.0522,-118.2437,11,18.09,75.64,1013.78,13.71,11.6738,53.7931
Beijing,CN,39.9042,116.4074,10,16.84,55.89,1016.31,7.98,8.0091,35.7801
Singapore,SG,1.3521,103.8198,7,26.65,88.74,1007.08,24.63,22.4098,103.2644
Kolkata,IN,22.5726,88.3639,6,31.27,71.81,998.08,25.56,23.3435,112.0487
Kolkata,IN,22.5726,88.3639,8,33.44,84.87,1002.87,30.53,30.9713,138.3626
Jakarta,ID,-6.2088,106.8456,10,26.72,95.84,1007.89,26.0,24.3005,108.5612
Delhi,IN,28.6139,77.209,4,34.5,45.89,1005.89,21.14,17.7104,90.8998
Buenos Aires,AR,-34.6037,-58.3816,6,13.33,73.17,1011.04,8.63,8.4665,40.6392
Jaipur,IN,26.9124,75.7873,2,19.22,61.62,963.55,11.66,10.1704,52.2001
Amman,JO,31.9454,35.9284,6,21.77,27.49,914.93,2.19,5.2652,25.273
Tokyo,JP,35.6762,139.6503,10,18.25,74.51,1012.74,13.64,11.6137,51.8835
Bangkok,TH,13.7563,100.5018,9,33.14,84.62,1005.51,30.19,30.3904,134.2039
Dubai,AE,25.2048,55.2708,12,24.91,71.87,1016.38,19.47,16.4636,79.0254
Amman,JO,31.9454,35.9284,2,9.09,61.12,925.98,1.99,5.4171,27.8035
Mexico City,MX,19.4326,-99.1332,12,14.04,62.04,772.33,6.88,7.4987,35.9938
Rio de Janeiro,BR,-22.9068,-43.1729,11,25.25,73.37,1013.66,20.14,17.1362,78.9635
Johannesburg,ZA,-26.2041,28.0473,11,20.84,57.37,823.42,12.1,10.4121,47.9789
Anchorage,US,61.2181,-149.9003,12,-10.7,81.79,1005.22,-13.19,1.8332,8.7996
Anchorage,US,61.2181,-149.9003,11,-3.56,88.91,1005.63,-5.12,3.3612,15.4886
Anchorage,US,61.2181,-149.9003,12,-3.62,82.35,1004.57,-6.18,3.1007,14.8835
Jaipur,IN,26.9124,75.7873,7,31.49,69.72,943.73,25.27,22.9348,105.6833
São Paulo,BR,-23.5505,-46.6333,8,19.27,62.09,930.66,11.82,10.2745,45.9009
Addis Ababa,ET,9.032,38.7492,1,16.21,54.84,771.2,7.11,7.5634,37.7564
Kuala Lumpur,MY,3.139,101.6869,5,28.11,83.92,1009.8,25.12,22.9725,114.6789
Lahore,PK,31.5497,74.3436,1,7.55,74.2,989.56,3.25,5.9572,29.7381
Singapore,SG,1.3521,103.8198,5,30.16,79.27,1004.73,26.16,24.2757,121.1843
Colombo,LK,6.9271,79.8612,4,30.09,90.53,1002.96,28.36,27.6137,141.729
Jaipur,IN,26.9124,75.7873,10,25.38,35.26,954.76,8.9,8.2913,37.0411
Cairo,EG,30.0444,31.2357,4,20.96,42.63,1011.41,7.77,7.7905,39.9854
Paris,FR,48.8566,2.3522,4,11.93,70.06,1016.02,6.64,7.4298,38.134
Lahore,PK,31.5497,74.3436,3,19.62,51.25,979.0,9.27,8.6574,44.8802
Jaipur,IN,26.9124,75.7873,1,15.95,74.99,965.16,11.52,10.1829,50.833
Lahore,PK,31.5497,74.3436,2,14.06,84.38,987.28,11.46,10.211,52.4087
Kuala Lumpur,MY,3.139,101.6869,3,22.62,81.54,1010.48,19.29,16.3962,84.9977
Rio de Janeiro,BR,-22.9068,-43.1729,10,22.46,76.58,1010.39,18.13,15.2588,68.1681
Delhi,IN,28.6139,77.209,8,34.74,77.45,1003.55,30.19,30.2544,135.1597
Jakarta,ID,-6.2088,106.8456,9,23.1,79.65,1010.73,19.39,16.4682,72.7237
Mumbai,IN,19.076,72.8777,5,30.78,90.56,1006.5,29.05,28.6702,143.1216
Johannesburg,ZA,-26.2041,28.0473,10,18.42,54.7,830.06,9.13,8.6101,38.4653
Singapore,SG,1.3521,103.8198,2,27.73,78.1,1011.38,23.55,20.9391,107.4712
Bangkok,TH,13.7563,100.5018,8,32.21,82.47,1005.24,28.84,28.1985,125.9751
Hyderabad,IN,17.385,78.4867,12,17.47,62.86,956.07,10.32,9.3536,44.8975
Addis Ababa,ET,9.032,38.7492,12,11.59,67.49,770.49,5.78,7.0093,33.6446
Lagos,NG,6.5244,3.3792,12,26.98,75.64,1012.26,22.3,19.4517,93.3683
Dubai,AE,25.2048,55.2708,8,36.26,60.69,1004.61,27.42,25.6646,114.6552
Melbourne,AU,-37.8136,144.9631,1,22.65,59.07,1010.52,14.24,11.8991,59.4001
New York,US,40.7128,-74.006,8,28.47,76.34,1013.35,23.89,21.3166,95.2307
Paris,FR,48.8566,2.3522,7,21.31,58.93,1012.08,12.95,10.9894,50.6391
London,GB,51.5074,-0.1278,12,5.7,79.51,1012.15,2.43,5.6573,27.1551
Karachi,PK,24.8607,67.0011,9,31.3,72.11,1007.61,25.66,23.484,103.7053
São Paulo,BR,-23.5505,-46.6333,9,18.63,69.88,934.17,13.02,11.1371,49.1812
Lahore,PK,31.5497,74.3436,3,19.68,54.63,978.26,10.28,9.2637,48.0232
Buenos Aires,AR,-34.6037,-58.3816,4,15.2,62.84,1017.05,8.16,8.1503,41.832
Colombo,LK,6.9271,79.8612,7,27.21,79.05,1007.29,23.25,20.5934,94.8945
Chicago,US,41.8781,-87.6298,9,20.0,62.81,1016.37,12.69,10.8536,47.9293
São Paulo,BR,-23.5505,-46.6333,4,20.23,77.9,932.86,16.25,13.6433,70.0251
Anchorage,US,61.2181,-149.9003,10,2.75,81.73,1003.71,-0.06,4.7798,21.3537
Karachi,PK,24.8607,67.0011,10,23.73,56.96,1009.06,14.69,12.2092,54.5438
London,GB,51.5074,-0.1278,2,6.09,82.18,1012.36,3.28,5.9982,30.7862
São Paulo,BR,-23.5505,-46.6333,8,13.05,66.29,925.68,6.91,7.54,33.6845
Beijing,CN,39.9042,116.4074,5,22.88,52.25,1009.29,12.57,10.6659,53.2441
Leh,IN,34.1526,77.577,1,-11.55,56.27,647.1,-18.49,1.1822,5.9016
Lahore,PK,31.5497,74.3436,11,14.49,65.79,984.59,8.17,8.1747,37.6691
Lahore,PK,31.5497,74.3436,4,28.56,44.54,977.34,15.29,12.5019,64.1668
Hyderabad,IN,17.385,78.4867,8,29.94,81.52,947.45,26.42,24.6587,110.1614
London,GB,51.5074,-0.1278,8,23.11,60.87,1010.99,15.14,12.5929,56.258
Tokyo,JP,35.6762,139.6503,2,10.19,53.71,1016.42,1.22,5.1072,26.2131
Mexico City,MX,19.4326,-99.1332,11,14.75,68.4,777.81,8.99,8.6343,39.7868
Colombo,LK,6.9271,79.8612,10,23.94,80.66,1012.63,20.4,17.4887,78.1299
Anchorage,US,61.2181,-149.9003,2,-7.43,72.35,1009.83,-11.54,2.0682,10.6153
Istanbul,TR,41.0082,28.9784,2,7.29,67.25,1013.81,1.62,5.3082,27.2446
Rome,IT,41.9028,12.4964,3,8.76,55.81,1017.62,0.42,4.8428,25.1051
Houston,US,29.7604,-95.3698,5,23.8,75.97,1010.56,19.3,16.3468,81.6032
Cairo,EG,30.0444,31.2357,1,9.76,74.57,1015.97,5.45,6.8969,34.4294
Melbourne,AU,-37.8136,144.9631,1,24.38,65.51,1012.4,17.49,14.5669,72.7181
Kuala Lumpur,MY,3.139,101.6869,1,24.16,86.62,1006.55,21.79,19.0249,94.9722
Dubai,AE,25.2048,55.2708,2,23.65,61.06,1021.67,15.69,13.0255,66.8539
Shanghai,CN,31.2304,121.4737,5,19.18,78.1,1013.01,15.27,12.8596,64.1952
Jaipur,IN,26.9124,75.7873,3,20.94,39.75,955.41,6.73,7.2561,37.6157
Mexico City,MX,19.4326,-99.1332,7,14.5,84.55,775.44,11.93,10.511,48.4347
Berlin,DE,52.52,13.405,7,23.52,72.31,1011.86,18.23,15.306,70.5301
Sydney,AU,-33.8688,151.2093,8,10.0,55.97,1017.65,1.62,5.2563,23.4824
Cairo,EG,30.0444,31.2357,11,16.73,67.72,1014.05,10.73,9.6358,44.4019
Nairobi,KE,-1.2921,36.8219,4,22.93,66.74,833.51,16.4,13.6594,70.1074
Casablanca,MA,33.5731,-7.5898,3,15.75,80.7,1014.42,12.43,10.8233,56.108
Cairo,EG,30.0444,31.2357,9,29.11,47.92,1008.51,16.94,13.8583,61.1982
Dhaka,BD,23.7104,90.4074,5,33.01,75.47,997.97,28.08,26.919,134.3795
Chennai,IN,13.0827,80.2707,6,36.65,69.62,1008.0,30.17,30.0396,144.1899
Bangalore,IN,12.9716,77.5946,4,26.12,52.7,908.51,15.69,12.9249,66.3377
Kathmandu,NP,27.7172,85.324,10,16.72,68.33,857.31,10.85,9.716,43.4057
Delhi,IN,28.6139,77.209,3,26.73,50.45,1013.78,15.57,12.7986,66.3479
Karachi,PK,24.8607,67.0011,8,31.61,74.71,1004.68,26.55,24.7269,110.466
Istanbul,TR,41.0082,28.9784,3,9.25,68.55,1014.32,3.77,6.1402,31.831
Dubai,AE,25.2048,55.2708,8,37.77,65.13,1004.23,30.07,29.772,133.0046
Mumbai,IN,19.076,72.8777,11,31.66,76.67,1012.38,27.04,25.4458,117.2541
Nairobi,KE,-1.2921,36.8219,7,15.97,79.93,833.87,12.51,10.8693,50.086
Jakarta,ID,-6.2088,106.8456,12,26.78,84.05,1008.57,23.86,21.3845,102.6455
Buenos Aires,AR,-34.6037,-58.3816,5,14.65,66.35,1012.66,8.44,8.323,41.5485
Bangalore,IN,12.9716,77.5946,1,19.33,69.13,911.13,13.52,11.4848,57.3323
Lahore,PK,31.5497,74.3436,1,14.76,72.93,984.26,9.95,9.2123,45.9879
Riyadh,SA,24.6877,46.7219,7,40.1,6.48,920.82,-3.3,3.3343,15.3644
Johannesburg,ZA,-26.2041,28.0473,7,7.67,42.78,832.5,-4.19,3.4606,15.9465
Colombo,LK,6.9271,79.8612,4,28.68,66.02,1012.98,21.69,18.6485,95.7142
Melbourne,AU,-37.8136,144.9631,11,21.85,57.9,1010.1,13.19,11.1423,51.3435
Delhi,IN,28.6139,77.209,12,18.12,83.5,1020.67,15.28,12.9123,61.9788
Beijing,CN,39.9042,116.4074,11,4.19,56.78,1013.6,-3.62,3.6564,16.8485
Buenos Aires,AR,-34.6037,-58.3816,12,19.14,59.17,1012.86,10.98,9.7217,46.6641
Leh,IN,34.1526,77.577,4,8.19,34.91,655.48,-6.39,2.9218,14.9962
Anchorage,US,61.2181,-149.9003,4,5.29,66.5,1012.53,-0.44,4.6076,23.6486
Moscow,RU,55.7558,37.6173,10,4.62,78.41,1005.52,1.19,5.1952,23.2092
Sydney,AU,-33.8688,151.2093,9,16.94,59.93,1015.83,9.1,8.6372,38.1417
Chennai,IN,13.0827,80.2707,8,33.83,67.19,1004.67,26.87,25.0269,111.8065
Melbourne,AU,-37.8136,144.9631,12,18.91,50.32,1010.17,8.35,8.1568,39.1526
Riyadh,SA,24.6877,46.7219,9,37.37,12.95,926.73,4.23,5.7995,25.6105
Kuala Lumpur,MY,3.139,101.6869,12,26.89,88.39,1008.2,24.8,22.621,108.5809
Mumbai,IN,19.076,72.8777,1,24.49,65.74,1016.53,17.65,14.7071,73.4178
Delhi,IN,28.6139,77.209,6,41.24,40.47,1001.22,25.08,22.0388,105.786
Singapore,SG,1.3521,103.8198,1,24.74,89.2,1010.11,22.84,20.2429,101.0527
Delhi,IN,28.6139,77.209,8,29.8,77.72,1001.55,25.48,23.3358,104.2516
Chicago,US,41.8781,-87.6298,5,15.45,60.56,1014.98,7.86,7.9781,39.8264
Cairo,EG,30.0444,31.2357,2,13.53,53.77,1018.33,4.34,6.297,32.3199
Shanghai,CN,31.2304,121.4737,7,28.68,86.48,1007.77,26.19,24.4257,112.5536
Addis Ababa,ET,9.032,38.7492,7,14.53,100.0,769.75,14.53,12.4529,57.383
Dubai,AE,25.2048,55.2708,11,29.25,65.63,1019.37,22.14,19.1301,88.1516
Hong Kong,HK,22.3193,114.1694,9,26.91,78.52,1007.91,22.85,20.117,88.8365
Hyderabad,IN,17.385,78.4867,12,15.05,68.65,953.49,9.33,8.827,42.3697
Tokyo,JP,35.6762,139.6503,9,23.13,74.84,1011.93,18.42,15.5007,68.4513
Dhaka,BD,23.7104,90.4074,4,29.96,56.16,1004.01,20.26,17.0103,87.3064
Mexico City,MX,19.4326,-99.1332,3,19.85,35.22,776.26,4.02,6.0311,31.2652
Houston,US,29.7604,-95.3698,12,14.96,68.44,1017.82,9.2,8.7511,42.0053
Dhaka,BD,23.7104,90.4074,9,29.66,86.23,1006.33,27.11,25.7023,113.5014
Beijing,CN,39.9042,116.4074,1,-1.29,56.68,1014.24,-8.78,2.5135,12.5475
Kathmandu,NP,27.7172,85.324,4,21.65,53.28,860.02,11.73,10.1333,52.0095
Delhi,IN,28.6139,77.209,11,18.28,68.5,1012.88,12.38,10.6932,49.2741
Bangalore,IN,12.9716,77.5946,6,20.3,76.98,906.4,16.12,13.5335,64.961
Istanbul,TR,41.0082,28.9784,6,22.71,68.52,1010.02,16.61,13.8531,66.495
Nairobi,KE,-1.2921,36.8219,6,13.37,85.35,835.44,10.96,9.9006,47.523
Addis Ababa,ET,9.032,38.7492,9,15.88,84.34,768.74,13.24,11.407,50.3734
Dubai,AE,25.2048,55.2708,12,18.75,60.99,1018.43,11.07,9.7917,47.0001
Lagos,NG,6.5244,3.3792,4,28.73,76.12,1004.57,24.1,21.5631,110.6736
Miami,US,25.7617,-80.1918,6,30.99,74.69,1010.27,25.95,23.916,114.797
Miami,US,25.7617,-80.1918,8,34.17,68.32,1008.67,27.48,25.9069,115.7376
Istanbul,TR,41.0082,28.9784,5,14.41,80.83,1009.57,11.16,9.9951,49.8954
Miami,US,25.7617,-80.1918,12,24.21,68.98,1013.95,18.15,15.1885,72.9049
Hyderabad,IN,17.385,78.4867,8,27.64,77.74,943.81,23.39,20.7379,92.6455
Lahore,PK,31.5497,74.3436,2,16.47,65.58,988.83,10.0,9.1877,47.1563
Miami,US,25.7617,-80.1918,10,25.76,82.29,1016.93,22.5,19.77,88.3213
Shanghai,CN,31.2304,121.4737,4,15.4,67.89,1014.73,9.49,8.9139,45.7509
Bangkok,TH,13.7563,100.5018,10,28.33,71.85,1005.25,22.75,19.91,88.9467
Casablanca,MA,33.5731,-7.5898,9,19.28,65.2,1012.08,12.58,10.8015,47.6994
Sydney,AU,-33.8688,151.2093,9,17.31,59.5,1012.67,9.34,8.767,38.7152
Dhaka,BD,23.7104,90.4074,3,26.84,60.9,1010.34,18.65,15.5421,80.57
Lahore,PK,31.5497,74.3436,9,28.03,62.17,975.57,20.1,16.9499,74.8507
Buenos Aires,AR,-34.6037,-58.3816,12,21.58,68.43,1011.04,15.51,12.9603,62.2095
New York,US,40.7128,-74.006,7,27.1,73.88,1012.8,22.03,19.1262,88.1337
Leh,IN,34.1526,77.577,3,-1.05,56.97,649.34,-8.48,2.57,13.3226
Shanghai,CN,31.2304,121.4737,10,22.38,69.45,1016.13,16.51,13.7745,61.537
Beijing,CN,39.9042,116.4074,6,23.4,66.01,1001.3,16.68,13.882,66.6338
Los Angeles,US,34.0522,-118.2437,4,19.68,54.59,1008.12,10.27,9.259,47.5224
Los Angeles,US,34.0522,-118.2437,4,18.84,63.8,1009.96,11.83,10.2964,52.8469
Kolkata,IN,22.5726,88.3639,7,35.33,87.91,1002.07,33.01,35.4272,163.2483
New York,US,40.7128,-74.006,10,16.26,63.57,1016.78,9.34,8.7954,39.2931
Hong Kong,HK,22.3193,114.1694,9,31.92,74.05,1007.39,26.71,24.9285,110.0843
Beijing,CN,39.9042,116.4074,10,10.1,60.14,1013.23,2.72,5.6848,25.3965
Mumbai,IN,19.076,72.8777,4,33.4,82.01,1008.62,29.9,29.8663,153.2904
Houston,US,29.7604,-95.3698,6,28.52,65.19,1010.57,21.33,18.2538,87.6185
Johannesburg,ZA,-26.2041,28.0473,2,20.77,64.98,826.85,13.94,11.7473,60.2935
Dubai,AE,25.2048,55.2708,11,28.93,54.28,1011.99,18.75,15.5425,71.6198
São Paulo,BR,-23.5505,-46.6333,7,12.97,73.35,932.97,8.32,8.301,38.251
Hong Kong,HK,22.3193,114.1694,3,23.45,68.74,1014.73,17.37,14.4964,75.1492
Mexico City,MX,19.4326,-99.1332,8,19.39,72.0,777.37,14.2,12.0,53.6094
Bangalore,IN,12.9716,77.5946,2,25.05,60.05,906.21,16.74,13.8656,71.166
Nairobi,KE,-1.2921,36.8219,8,14.81,76.63,833.01,10.74,9.7086,43.3728
Casablanca,MA,33.5731,-7.5898,1,9.54,75.82,1017.23,5.49,6.9178,34.5336
Istanbul,TR,41.0082,28.9784,11,13.42,74.38,1016.85,8.95,8.6523,39.8697
Lagos,NG,6.5244,3.3792,1,30.14,72.68,1009.62,24.68,22.2333,110.9888
Kolkata,IN,22.5726,88.3639,2,24.4,64.83,1011.87,17.34,14.4268,74.0463
Moscow,RU,55.7558,37.6173,11,-0.9,83.29,1013.16,-3.37,3.7957,17.4907
Colombo,LK,6.9271,79.8612,2,23.8,72.27,1007.06,18.5,15.5468,79.7947
Paris,FR,48.8566,2.3522,5,14.55,73.72,1010.8,9.91,9.19,45.8767
Riyadh,SA,24.6877,46.7219,4,33.16,23.4,932.59,9.47,8.4101,43.1655
Delhi,IN,28.6139,77.209,2,19.26,74.56,1013.14,14.62,12.3345,63.3072
Berlin,DE,52.52,13.405,8,16.75,68.81,1010.19,10.99,9.8042,43.7998
Addis Ababa,ET,9.032,38.7492,1,14.99,65.03,769.0,8.47,8.3299,41.5827
Los Angeles,US,34.0522,-118.2437,12,17.05,71.45,1014.53,11.84,10.3663,49.7584
Hong Kong,HK,22.3193,114.1694,12,18.96,74.62,1016.4,14.35,12.129,58.2194
Melbourne,AU,-37.8136,144.9631,1,23.99,58.82,1013.44,15.43,12.7916,63.8558
Karachi,PK,24.8607,67.0011,7,31.54,65.71,1001.78,24.32,21.6733,99.8704
Bangalore,IN,12.9716,77.5946,11,18.67,70.37,914.35,13.16,11.2429,51.8074
Johannesburg,ZA,-26.2041,28.0473,9,18.68,41.1,830.38,5.19,6.5713,29.0187
Rio de Janeiro,BR,-22.9068,-43.1729,5,26.29,82.25,1014.27,23.01,20.3537,101.6055
Addis Ababa,ET,9.032,38.7492,8,8.48,84.7,773.39,6.05,7.2195,32.2526
Tokyo,JP,35.6762,139.6503,6,27.39,67.22,1012.65,20.76,17.6894,84.9092
Delhi,IN,28.6139,77.209,7,34.4,74.49,994.65,29.19,28.5938,131.7602
Chennai,IN,13.0827,80.2707,3,26.4,82.71,1007.64,23.22,20.6034,106.8079
Tokyo,JP,35.6762,139.6503,9,25.29,74.44,1013.5,20.41,17.4227,76.9386
Leh,IN,34.1526,77.577,6,17.64,32.98,644.42,1.16,4.9576,23.7966
Rio de Janeiro,BR,-22.9068,-43.1729,3,28.54,80.88,1009.31,24.93,22.6725,117.5344
Kolkata,IN,22.5726,88.3639,10,28.89,75.14,1006.11,24.03,21.47,95.9161
Leh,IN,34.1526,77.577,9,19.28,37.47,645.15,4.4,6.2055,27.4033
Leh,IN,34.1526,77.577,8,20.33,46.21,650.47,8.39,8.1395,36.3627
São Paulo,BR,-23.5505,-46.6333,2,24.31,85.99,926.32,21.81,19.0397,97.7223
Melbourne,AU,-37.8136,144.9631,6,15.7,71.15,1015.56,10.48,9.5139,45.6667
Istanbul,TR,41.0082,28.9784,3,8.04,70.04,1011.75,2.91,5.8051,30.0935
Kuala Lumpur,MY,3.139,101.6869,8,22.86,70.03,1006.47,17.09,14.2755,63.775
Istanbul,TR,41.0082,28.9784,2,8.87,86.43,1014.73,6.73,7.5558,38.7803
Casablanca,MA,33.5731,-7.5898,1,14.1,77.08,1018.81,10.14,9.3503,46.6766
Miami,US,25.7617,-80.1918,3,26.22,75.61,1015.35,21.56,18.6471,96.6668
London,GB,51.5074,-0.1278,2,13.86,79.19,1014.56,10.32,9.4674,48.5918
Kathmandu,NP,27.7172,85.324,7,22.88,89.73,851.3,21.1,18.3219,84.4272
Sydney,AU,-33.8688,151.2093,8,8.37,70.85,1018.94,3.39,5.9989,26.7996
Anchorage,US,61.2181,-149.9003,1,-5.04,86.71,1011.14,-6.91,2.9485,14.719
Dhaka,BD,23.7104,90.4074,11,22.23,80.7,1012.68,18.75,15.8695,73.1268
Bangalore,IN,12.9716,77.5946,1,17.6,61.39,910.29,10.08,9.2039,45.946
Berlin,DE,52.52,13.405,3,4.67,75.62,1013.83,0.74,5.0284,26.0673
Jaipur,IN,26.9124,75.7873,9,28.09,49.39,949.17,16.48,13.5062,59.6434
Cairo,EG,30.0444,31.2357,12,17.02,57.72,1013.71,8.62,8.3582,40.1193
Lahore,PK,31.5497,74.3436,10,18.67,61.4,983.25,11.09,9.8091,43.8216
Bangalore,IN,12.9716,77.5946,1,19.05,62.28,908.9,11.66,10.175,50.7937
Rome,IT,41.9028,12.4964,8,29.32,46.22,1011.27,16.55,13.5193,60.3969
Mexico City,MX,19.4326,-99.1332,9,15.11,81.83,772.99,12.03,10.559,46.6286
Riyadh,SA,24.6877,46.7219,5,38.75,5.09,925.52,-7.42,2.4474,12.2175
Lagos,NG,6.5244,3.3792,1,34.62,82.02,1013.29,31.08,31.8433,158.9619
Leh,IN,34.1526,77.577,7,16.87,46.27,652.33,5.26,6.6393,30.5941
Beijing,CN,39.9042,116.4074,6,21.13,58.38,1004.4,12.63,10.7714,51.7029
Shanghai,CN,31.2304,121.4737,9,23.47,75.07,1013.29,18.8,15.8555,70.0179
Miami,US,25.7617,-80.1918,7,31.34,79.01,1009.82,27.25,25.7772,118.7815
Miami,US,25.7617,-80.1918,2,22.25,73.88,1017.08,17.36,14.5441,74.6485
Bangalore,IN,12.9716,77.5946,10,23.65,77.18,912.1,19.4,16.4585,73.5275
Leh,IN,34.1526,77.577,11,-0.23,55.37,657.15,-8.08,2.6432,12.1799
Rome,IT,41.9028,12.4964,1,4.85,68.9,1014.8,-0.38,4.6354,23.14
Addis Ababa,ET,9.032,38.7492,4,18.63,76.83,767.81,14.48,12.2459,62.8528
Buenos Aires,AR,-34.6037,-58.3816,5,16.94,69.05,1017.78,11.22,9.9529,49.6849
São Paulo,BR,-23.5505,-46.6333,9,17.7,78.68,927.21,13.95,11.8698,52.417
Anchorage,US,61.2181,-149.9003,7,17.83,55.19,1011.46,8.71,8.3894,38.6585
Addis Ababa,ET,9.032,38.7492,11,12.51,73.65,773.26,7.93,8.0977,37.3144
Berlin,DE,52.52,13.405,1,3.54,79.88,1013.93,0.39,4.9255,24.588
Hyderabad,IN,17.385,78.4867,1,20.82,68.69,953.56,14.85,12.4499,62.15
Johannesburg,ZA,-26.2041,28.0473,10,15.77,47.77,826.46,4.71,6.4169,28.667
Bangkok,TH,13.7563,100.5018,7,28.19,87.72,1001.62,25.95,24.1223,111.1553
Istanbul,TR,41.0082,28.9784,8,23.29,57.24,1003.45,14.35,11.962,53.4397
London,GB,51.5074,-0.1278,7,20.11,76.25,1010.99,15.8,13.2625,61.1136
Karachi,PK,24.8607,67.0011,3,25.16,73.58,1011.31,20.09,17.0907,88.5982
Anchorage,US,61.2181,-149.9003,6,18.01,59.1,1016.24,9.9,9.082,43.5934
Amman,JO,31.9454,35.9284,6,29.09,15.85,913.32,0.57,4.5803,21.9856
Leh,IN,34.1526,77.577,2,-7.99,56.86,652.63,-15.03,1.5592,8.0029
Shanghai,CN,31.2304,121.4737,9,23.57,70.24,1011.14,17.83,14.9175,65.8758
Sydney,AU,-33.8688,151.2093,8,10.73,71.69,1017.14,5.82,7.0519,31.5041
London,GB,51.5074,-0.1278,6,16.53,61.08,1009.47,9.0,8.5907,41.2354
New York,US,40.7128,-74.006,12,6.18,59.8,1016.72,-1.05,4.3926,21.0845
Kuala Lumpur,MY,3.139,101.6869,11,28.11,87.24,1006.43,25.78,23.8841,110.0578
Berlin,DE,52.52,13.405,4,10.56,66.87,1013.32,4.66,6.5074,33.3996
Casablanca,MA,33.5731,-7.5898,5,20.66,64.23,1012.92,13.66,11.533,57.5727
Miami,US,25.7617,-80.1918,5,30.15,69.25,1015.19,23.88,21.1939,105.7999
Houston,US,29.7604,-95.3698,1,11.77,57.76,1013.39,3.72,6.0664,30.2836
Melbourne,AU,-37.8136,144.9631,7,3.56,70.4,1017.08,-1.32,4.3471,20.0317
Moscow,RU,55.7558,37.6173,7,25.03,75.0,1009.83,20.28,17.2957,79.6985
New York,US,40.7128,-74.006,11,6.66,49.93,1012.43,-3.04,3.7844,17.4385
Addis Ababa,ET,9.032,38.7492,11,13.05,64.99,768.01,6.62,7.3892,34.0494
Moscow,RU,55.7558,37.6173,3,2.75,78.78,1010.87,-0.57,4.607,23.8829
Colombo,LK,6.9271,79.8612,4,31.44,79.89,1011.78,27.54,26.2116,134.5325
Hong Kong,HK,22.3193,114.1694,5,29.67,91.06,1004.6,28.05,27.1547,135.5565
Melbourne,AU,-37.8136,144.9631,2,20.55,61.85,1007.01,12.97,11.032,56.6223
Jakarta,ID,-6.2088,106.8456,9,30.36,72.94,1007.75,24.95,22.5724,99.6796
Beijing,CN,39.9042,116.4074,4,10.48,36.96,1008.53,-3.61,3.5787,18.3677
Johannesburg,ZA,-26.2041,28.0473,8,12.26,31.09,831.44,-4.34,3.3664,15.0391
Cairo,EG,30.0444,31.2357,12,16.08,67.92,1012.16,10.15,9.2953,44.6175
Hong Kong,HK,22.3193,114.1694,10,27.85,80.6,1011.74,24.2,21.7563,97.1952
Mexico City,MX,19.4326,-99.1332,1,13.41,58.74,777.31,5.5,6.831,34.1006
Nairobi,KE,-1.2921,36.8219,7,15.56,65.9,838.08,9.21,8.7409,40.2781
Chicago,US,41.8781,-87.6298,6,22.7,68.44,1010.31,16.58,13.8268,66.3685
Mexico City,MX,19.4326,-99.1332,3,18.02,48.61,780.58,7.03,7.474,38.7451
Delhi,IN,28.6139,77.209,10,24.73,50.18,1012.7,13.65,11.3777,50.8291
Casablanca,MA,33.5731,-7.5898,10,17.96,64.56,1018.91,11.18,9.8893,44.1799
Lahore,PK,31.5497,74.3436,1,17.4,72.98,991.24,12.5,10.8129,53.978
Addis Ababa,ET,9.032,38.7492,10,17.19,75.94,772.24,12.91,11.1115,49.6399
Johannesburg,ZA,-26.2041,28.0473,2,21.11,69.16,825.32,15.23,12.7492,65.4358
Mumbai,IN,19.076,72.8777,11,28.74,65.94,1014.61,21.72,18.683,86.0914
Addis Ababa,ET,9.032,38.7492,3,19.58,56.32,770.13,10.64,9.4929,49.2112
Rio de Janeiro,BR,-22.9068,-43.1729,2,29.47,70.65,1012.33,23.56,20.8323,106.9231
Dhaka,BD,23.7104,90.4074,7,31.99,87.63,1000.19,29.67,29.6042,136.4162
Nairobi,KE,-1.2921,36.8219,11,18.63,77.35,832.17,14.59,12.3305,56.8189
Houston,US,29.7604,-95.3698,4,24.92,61.88,1012.34,17.1,14.1854,72.8073
Moscow,RU,55.7558,37.6173,1,-4.37,83.74,1015.92,-6.7,2.9886,14.9193
Delhi,IN,28.6139,77.209,9,30.9,79.93,1003.97,27.02,25.4682,112.4674
Tokyo,JP,35.6762,139.6503,8,28.4,85.23,1008.39,25.67,23.7046,105.8991
Dubai,AE,25.2048,55.2708,2,18.46,63.88,1016.45,11.49,10.0789,51.7305
Kolkata,IN,22.5726,88.3639,12,20.2,73.91,1015.41,15.4,12.9235,62.0327
Riyadh,SA,24.6877,46.7219,1,19.77,40.39,941.36,5.92,6.8866,34.378
Casablanca,MA,33.5731,-7.5898,8,24.31,65.43,1011.75,17.4,14.49,64.7335
Nairobi,KE,-1.2921,36.8219,10,18.49,69.24,834.87,12.74,10.9437,48.8905
Miami,US,25.7617,-80.1918,8,27.69,85.19,1008.41,24.97,22.7865,101.7973
Mumbai,IN,19.076,72.8777,4,26.86,68.91,1004.58,20.66,17.6061,90.3642
Istanbul,TR,41.0082,28.9784,4,14.94,69.31,1012.63,9.36,8.8488,45.4171
Bangalore,IN,12.9716,77.5946,6,22.99,75.76,910.07,18.47,15.5619,74.6972
Berlin,DE,52.52,13.405,12,-0.53,82.86,1014.74,-3.07,3.8754,18.602
Singapore,SG,1.3521,103.8198,10,28.69,80.25,1011.77,24.94,22.6848,101.3429
Hyderabad,IN,17.385,78.4867,3,30.27,46.54,947.42,17.52,14.3325,74.2996
Rio de Janeiro,BR,-22.9068,-43.1729,11,26.32,76.84,1013.3,21.92,19.0539,87.8006
Dubai,AE,25.2048,55.2708,10,29.05,49.37,1007.7,17.35,14.2305,63.5739
Riyadh,SA,24.6877,46.7219,7,42.87,11.72,920.23,7.01,6.9197,31.886
Nairobi,KE,-1.2921,36.8219,1,15.85,62.97,838.88,8.81,8.4977,42.4204
Jakarta,ID,-6.2088,106.8456,3,23.38,74.53,1010.51,18.58,15.652,81.14
Miami,US,25.7617,-80.1918,3,21.25,69.22,1019.3,15.38,12.8662,66.6983
Amman,JO,31.9454,35.9284,11,14.13,48.99,924.73,3.57,5.9531,27.4317
Colombo,LK,6.9271,79.8612,8,27.01,73.92,1012.94,21.95,19.0476,85.0941
Hyderabad,IN,17.385,78.4867,8,26.36,74.01,946.68,21.35,18.3968,82.1866
Leh,IN,34.1526,77.577,10,9.86,33.2,649.06,-5.57,3.0912,13.8099
Kuala Lumpur,MY,3.139,101.6869,12,26.75,84.85,1005.12,23.98,21.5417,103.4003
Jaipur,IN,26.9124,75.7873,1,17.62,78.32,969.97,13.79,11.7546,58.6787
Bangkok,TH,13.7563,100.5018,5,30.47,72.64,1006.61,24.98,22.6162,112.9003
London,GB,51.5074,-0.1278,9,19.36,66.23,1013.6,12.89,11.0218,48.6721
Rio de Janeiro,BR,-22.9068,-43.1729,11,20.9,76.31,1010.43,16.57,13.8944,64.0254
Riyadh,SA,24.6877,46.7219,5,33.15,11.19,922.71,-1.05,4.0207,20.0713
Riyadh,SA,24.6877,46.7219,9,37.26,5.0,927.61,-8.69,2.2266,9.8329
Sydney,AU,-33.8688,151.2093,11,20.51,64.41,1014.96,13.56,11.4683,52.8458
Johannesburg,ZA,-26.2041,28.0473,4,15.46,54.56,830.15,6.34,7.192,36.9132
Los Angeles,US,34.0522,-118.2437,2,11.78,64.27,1012.9,5.25,6.7525,34.6577
Tokyo,JP,35.6762,139.6503,3,14.36,58.41,1016.39,6.3,7.1984,37.3165
Chicago,US,41.8781,-87.6298,9,15.78,66.8,1011.83,9.62,8.9765,39.6404
Melbourne,AU,-37.8136,144.9631,8,8.52,68.03,1016.46,2.96,5.8161,25.983
Lagos,NG,6.5244,3.3792,5,27.53,78.38,1011.19,23.42,20.7851,103.7593
Hong Kong,HK,22.3193,114.1694,3,16.39,83.82,1008.79,13.65,11.6902,60.6018
Colombo,LK,6.9271,79.8612,6,30.59,81.62,1007.25,27.07,25.5762,122.7658
Amman,JO,31.9454,35.9284,9,24.02,30.17,915.33,5.44,6.571,29.0177
Lagos,NG,6.5244,3.3792,6,29.73,88.17,1006.3,27.55,26.3707,126.5792
Singapore,SG,1.3521,103.8198,8,27.05,80.74,1009.1,23.45,20.8493,93.1432
Singapore,SG,1.3521,103.8198,1,26.13,85.0,1010.42,23.4,20.8486,104.0761
Mumbai,IN,19.076,72.8777,5,28.95,81.21,1005.9,25.39,23.2776,116.2019
Mumbai,IN,19.076,72.8777,4,27.59,57.36,1006.14,18.39,15.2608,78.3271
Dubai,AE,25.2048,55.2708,11,27.98,66.23,1017.14,21.08,18.0009,82.9481
Johannesburg,ZA,-26.2041,28.0473,6,8.76,38.07,834.64,-4.74,3.305,15.8641
Tokyo,JP,35.6762,139.6503,2,4.94,62.46,1016.33,-1.63,4.2271,21.6957
Colombo,LK,6.9271,79.8612,1,22.21,78.0,1014.64,18.19,15.3249,76.5019
Amman,JO,31.9454,35.9284,12,11.84,55.86,925.05,3.31,5.8904,28.2738
Sydney,AU,-33.8688,151.2093,10,18.33,67.7,1013.16,12.24,10.5978,47.3452
Jakarta,ID,-6.2088,106.8456,4,26.04,83.72,1008.29,23.06,20.4328,104.8725
Cairo,EG,30.0444,31.2357,1,7.56,68.65,1017.5,2.17,5.514,27.5259
Houston,US,29.7604,-95.3698,10,22.95,69.8,1014.68,17.13,14.3065,63.9135
Miami,US,25.7617,-80.1918,3,25.7,63.64,1016.77,18.28,15.2421,79.0149
Istanbul,TR,41.0082,28.9784,2,0.62,76.55,1006.82,-3.02,3.8731,19.8788
Kolkata,IN,22.5726,88.3639,6,31.06,67.47,995.01,24.31,21.6915,104.1191
Hyderabad,IN,17.385,78.4867,6,33.18,55.03,939.68,22.91,19.8046,95.0621
Singapore,SG,1.3521,103.8198,6,24.97,73.98,1007.95,20.0,17.002,81.6095
Lagos,NG,6.5244,3.3792,3,29.61,86.99,1009.26,27.2,25.8498,134.0053
Shanghai,CN,31.2304,121.4737,12,2.31,69.46,1017.06,-2.7,3.9433,18.9277
Hong Kong,HK,22.3193,114.1694,8,27.03,82.58,1004.07,23.81,21.3028,95.169
Lahore,PK,31.5497,74.3436,2,13.46,75.67,987.45,9.24,8.8235,45.287
Dhaka,BD,23.7104,90.4074,10,32.92,69.59,1006.63,26.6,24.6986,110.3397
Dubai,AE,25.2048,55.2708,5,33.65,44.24,1005.26,19.77,16.3197,81.4681
Karachi,PK,24.8607,67.0011,12,18.29,75.71,1011.41,13.93,11.828,56.7745
Rio de Janeiro,BR,-22.9068,-43.1729,9,24.64,72.28,1013.1,19.3,16.3032,71.9948
Berlin,DE,52.52,13.405,1,2.63,84.19,1015.5,0.23,4.884,24.381
Cairo,EG,30.0444,31.2357,1,11.05,68.15,1020.64,5.4,6.8389,34.1399
Buenos Aires,AR,-34.6037,-58.3816,6,12.7,74.94,1016.72,8.37,8.3399,40.0314
Bangkok,TH,13.7563,100.5018,4,35.65,66.49,1009.44,28.42,27.2393,139.807
London,GB,51.5074,-0.1278,1,2.88,77.2,1012.61,-0.71,4.5547,22.7371
Melbourne,AU,-37.8136,144.9631,4,11.46,60.26,1015.5,4.03,6.2058,31.8514
Los Angeles,US,34.0522,-118.2437,2,14.39,67.22,1012.9,8.39,8.3006,42.6035
Rome,IT,41.9028,12.4964,1,5.05,75.03,1013.26,0.99,5.1151,25.5346
Bangkok,TH,13.7563,100.5018,1,28.71,66.36,1011.59,21.81,18.7783,93.7415
Singapore,SG,1.3521,103.8198,11,27.43,80.85,1004.51,23.84,21.317,98.2286
Bangkok,TH,13.7563,100.5018,8,34.31,74.62,1006.73,29.13,28.5072,127.3542
Nairobi,KE,-1.2921,36.8219,11,19.4,79.49,835.84,15.76,13.2597,61.1007
Johannesburg,ZA,-26.2041,28.0473,2,22.94,67.07,824.64,16.49,13.7348,70.4946
London,GB,51.5074,-0.1278,11,7.55,85.54,1012.1,5.28,6.8672,31.6441
Istanbul,TR,41.0082,28.9784,4,15.65,69.75,1012.79,10.14,9.3032,47.7492
Kolkata,IN,22.5726,88.3639,7,30.84,83.72,999.79,27.75,26.5932,122.5415
Leh,IN,34.1526,77.577,11,-2.71,50.04,651.82,-11.67,2.0087,9.256
Mexico City,MX,19.4326,-99.1332,3,20.42,45.7,777.5,8.3,8.0897,41.9369
Chennai,IN,13.0827,80.2707,3,28.55,73.19,1011.22,23.26,20.5239,106.3961
Leh,IN,34.1526,77.577,4,9.3,39.52,652.99,-3.77,3.5504,18.2226
Chicago,US,41.8781,-87.6298,12,-3.37,69.77,1017.93,-8.09,2.6725,12.8282
Nairobi,KE,-1.2921,36.8219,10,18.09,77.8,835.35,14.15,12.0122,53.6638
Bangkok,TH,13.7563,100.5018,3,27.29,81.07,1014.37,23.75,21.2143,109.9748
Leh,IN,34.1526,77.577,6,20.61,30.26,644.81,2.54,5.4193,26.0128
Mexico City,MX,19.4326,-99.1332,10,12.65,74.39,777.05,8.22,8.2541,36.8749
Houston,US,29.7604,-95.3698,7,30.39,75.65,1008.2,25.59,23.4503,108.0591
Houston,US,29.7604,-95.3698,11,13.43,60.19,1017.37,5.86,7.006,32.2838
Casablanca,MA,33.5731,-7.5898,10,18.31,78.39,1015.05,14.48,12.2573,54.7587
Mumbai,IN,19.076,72.8777,9,30.03,85.42,1005.84,27.31,25.9703,114.6849
Dhaka,BD,23.7104,90.4074,9,31.45,88.05,1005.48,29.22,28.9041,127.6403
Tokyo,JP,35.6762,139.6503,5,20.13,65.64,1014.65,13.49,11.4266,57.0414
London,GB,51.5074,-0.1278,5,12.34,56.2,1008.25,3.86,6.1148,30.5249
Amman,JO,31.9454,35.9284,8,27.12,31.73,913.87,8.86,8.2232,36.7366
Chennai,IN,13.0827,80.2707,10,23.28,76.72,1011.66,18.95,16.0226,71.5803
Anchorage,US,61.2181,-149.9003,1,-2.21,78.52,1007.88,-5.43,3.2658,16.303
Jakarta,ID,-6.2088,106.8456,2,28.2,84.1,1006.55,25.25,23.1417,118.7758
Chicago,US,41.8781,-87.6298,4,8.06,74.38,1010.46,3.78,6.1717,31.6766
Paris,FR,48.8566,2.3522,1,6.62,78.01,1012.68,3.06,5.8971,29.4381
Rome,IT,41.9028,12.4964,10,17.67,60.59,1017.84,9.95,9.1217,40.7507
Johannesburg,ZA,-26.2041,28.0473,1,19.25,46.28,821.84,7.42,7.6498,38.188
Jaipur,IN,26.9124,75.7873,8,33.16,71.8,949.43,27.37,25.8186,115.3434
Karachi,PK,24.8607,67.0011,6,38.1,52.85,1002.9,26.77,24.5628,117.9015
Colombo,LK,6.9271,79.8612,8,29.28,95.29,1010.77,28.45,27.8174,124.2729
Jakarta,ID,-6.2088,106.8456,10,25.09,77.48,1007.66,20.87,17.9303,80.1028
Kathmandu,NP,27.7172,85.324,9,19.54,70.05,851.44,13.93,11.7795,52.0185
Amman,JO,31.9454,35.9284,1,11.55,59.97,926.7,4.05,6.2118,31.0092
Anchorage,US,61.2181,-149.9003,4,2.62,66.47,1012.47,-2.99,3.8534,19.7776
Amman,JO,31.9454,35.9284,5,19.6,27.65,918.74,0.42,4.6683,23.3039
Karachi,PK,24.8607,67.0011,10,27.69,57.81,1011.56,18.61,15.4627,69.079
Rio de Janeiro,BR,-22.9068,-43.1729,7,19.06,72.86,1017.58,14.08,11.9149,54.9039
New York,US,40.7128,-74.006,9,20.6,70.49,1014.27,15.04,12.6116,55.6929
Sydney,AU,-33.8688,151.2093,12,24.72,70.06,1010.47,18.89,15.882,76.2334
Paris,FR,48.8566,2.3522,5,20.72,66.24,1013.02,14.18,11.9336,59.5726
Kathmandu,NP,27.7172,85.324,11,15.29,58.12,857.33,7.1,7.5815,34.9354
São Paulo,BR,-23.5505,-46.6333,3,22.33,83.34,925.48,19.37,16.4873,85.4704
Delhi,IN,28.6139,77.209,11,17.72,67.93,1011.29,11.72,10.26,47.2782
Riyadh,SA,24.6877,46.7219,12,16.15,45.35,941.82,4.31,6.2308,29.9081
Tokyo,JP,35.6762,139.6503,9,20.93,69.34,1017.38,15.09,12.646,55.8446
São Paulo,BR,-23.5505,-46.6333,10,18.45,81.54,927.47,15.23,12.861,57.4557
Hong Kong,HK,22.3193,114.1694,4,24.53,70.89,1006.55,18.9,15.8998,81.6064
Anchorage,US,61.2181,-149.9003,1,-9.12,81.68,1008.95,-11.66,2.0609,10.288
Mumbai,IN,19.076,72.8777,11,27.43,77.15,1012.15,23.06,20.3393,93.7233
Kolkata,IN,22.5726,88.3639,1,19.29,78.82,1014.74,15.52,13.0634,65.2125
Karachi,PK,24.8607,67.0011,3,24.47,59.67,1011.25,16.1,13.3352,69.1298
New York,US,40.7128,-74.006,5,17.15,59.7,1010.07,9.24,8.7115,43.4879
Casablanca,MA,33.5731,-7.5898,6,20.89,62.96,1009.08,13.57,11.4575,54.9961
Lagos,NG,6.5244,3.3792,12,31.97,87.38,1011.92,29.6,29.4869,141.5369
Sydney,AU,-33.8688,151.2093,5,18.64,64.65,1013.64,11.84,10.3108,51.4717
Casablanca,MA,33.5731,-7.5898,7,22.19,73.53,1008.7,17.23,14.4317,66.5012
Shanghai,CN,31.2304,121.4737,8,23.95,81.16,1007.18,20.51,17.6052,78.6502
Jaipur,IN,26.9124,75.7873,8,27.48,67.05,945.05,20.8,17.7267,79.193
Dubai,AE,25.2048,55.2708,7,36.16,58.59,1004.04,26.73,24.6542,113.6064
Addis Ababa,ET,9.032,38.7492,3,15.64,59.05,768.69,7.66,7.8687,40.7913
Anchorage,US,61.2181,-149.9003,5,11.07,66.97,1016.89,5.17,6.7318,33.6053
Johannesburg,ZA,-26.2041,28.0473,1,22.28,69.42,824.69,16.4,13.6896,68.3383
Istanbul,TR,41.0082,28.9784,10,15.29,69.49,1013.95,9.73,9.0626,40.4867
Houston,US,29.7604,-95.3698,2,13.09,67.5,1013.87,7.21,7.6954,39.4968
Lahore,PK,31.5497,74.3436,7,33.5,68.43,972.29,26.87,25.0459,115.4116
Melbourne,AU,-37.8136,144.9631,12,19.74,66.31,1007.7,13.27,11.284,54.163
Mexico City,MX,19.4326,-99.1332,4,23.68,49.88,776.49,12.59,10.6565,54.695
New York,US,40.7128,-74.006,11,7.92,66.68,1018.37,2.1,5.4822,25.2622
Lagos,NG,6.5244,3.3792,7,28.99,84.66,1012.38,26.14,24.3264,112.0963
São Paulo,BR,-23.5505,-46.6333,4,23.01,72.28,921.24,17.74,14.8607,76.2733
Paris,FR,48.8566,2.3522,3,12.71,77.88,1014.44,8.95,8.6727,44.9593
Hyderabad,IN,17.385,78.4867,12,21.21,63.78,956.8,14.07,11.8243,56.7567
Karachi,PK,24.8607,67.0011,2,17.8,63.31,1017.05,10.74,9.608,49.3137
Kolkata,IN,22.5726,88.3639,12,21.07,76.29,1019.29,16.73,14.0309,67.3483
Sydney,AU,-33.8688,151.2093,7,11.63,66.29,1015.62,5.55,6.8996,31.7932
Chicago,US,41.8781,-87.6298,6,25.11,66.43,1009.89,18.4,15.3914,73.8786
London,GB,51.5074,-0.1278,3,7.18,60.93,1012.58,0.15,4.7777,24.7676
Jaipur,IN,26.9124,75.7873,3,24.36,45.13,959.68,11.69,10.0215,51.9514
Buenos Aires,AR,-34.6037,-58.3816,4,17.24,62.23,1012.52,9.94,9.1299,46.8597
Berlin,DE,52.52,13.405,4,10.35,62.78,1013.8,3.57,6.0304,30.9513
Riyadh,SA,24.6877,46.7219,1,9.96,37.49,938.4,-3.88,3.5127,17.5354
Tokyo,JP,35.6762,139.6503,10,24.69,65.99,1012.28,17.9,14.9336,66.7149
Lagos,NG,6.5244,3.3792,6,27.39,89.16,1008.28,25.44,23.4619,112.6169
Houston,US,29.7604,-95.3698,10,21.31,73.47,1013.87,16.37,13.705,61.2261
Kathmandu,NP,27.7172,85.324,2,8.63,58.25,855.21,0.89,5.0144,25.7367
Amman,JO,31.9454,35.9284,3,17.97,67.61,919.19,11.88,10.3591,53.7017
Mexico City,MX,19.4326,-99.1332,11,14.09,63.67,777.4,7.3,7.7175,35.5622
Amman,JO,31.9454,35.9284,6,31.7,31.41,919.46,12.67,10.4476,50.1483
São Paulo,BR,-23.5505,-46.6333,10,21.69,88.28,930.07,19.66,16.8295,75.185
Jaipur,IN,26.9124,75.7873,5,33.55,18.12,949.37,6.04,6.6508,33.2007
Lagos,NG,6.5244,3.3792,1,27.88,68.79,1006.37,21.6,18.5949,92.8256
Buenos Aires,AR,-34.6037,-58.3816,9,10.63,60.27,1015.93,3.25,5.8918,26.018
Riyadh,SA,24.6877,46.7219,1,11.95,52.83,939.81,2.62,5.6106,28.0082
Sydney,AU,-33.8688,151.2093,4,21.57,72.2,1013.63,16.34,13.6691,70.1572
Beijing,CN,39.9042,116.4074,7,24.75,80.49,1007.76,21.15,18.27,84.1883
New York,US,40.7128,-74.006,11,8.47,69.58,1014.39,3.23,5.9275,27.3141
Colombo,LK,6.9271,79.8612,5,28.9,82.83,1005.64,25.68,23.6808,118.2147
New York,US,40.7128,-74.006,9,17.67,70.75,1012.44,12.28,10.6489,47.0256
Dubai,AE,25.2048,55.2708,3,29.35,54.64,1015.8,19.25,16.0149,83.0213
Chennai,IN,13.0827,80.2707,1,27.03,77.19,1013.01,22.68,19.9062,99.3717
Colombo,LK,6.9271,79.8612,1,28.34,75.51,1009.36,23.58,20.9317,104.4912
Johannesburg,ZA,-26.2041,28.0473,12,26.43,58.73,823.32,17.68,14.6472,70.3067
Berlin,DE,52.52,13.405,9,15.83,77.23,1011.54,11.85,10.4129,45.9833
Mexico City,MX,19.4326,-99.1332,1,13.66,43.71,780.46,1.53,5.1598,25.7577
Kolkata,IN,22.5726,88.3639,11,22.01,56.81,1011.31,13.04,11.0292,50.8226
Jakarta,ID,-6.2088,106.8456,1,27.58,83.0,1007.18,24.43,22.0715,110.1808
Houston,US,29.7604,-95.3698,5,26.77,86.63,1013.34,24.35,22.0216,109.9318
Kathmandu,NP,27.7172,85.324,10,15.89,71.55,857.78,10.75,9.6788,43.2395
São Paulo,BR,-23.5505,-46.6333,11,18.35,80.2,928.33,14.87,12.5714,57.9291
Los Angeles,US,34.0522,-118.2437,4,14.36,67.71,1012.99,8.47,8.3459,42.8355
Rio de Janeiro,BR,-22.9068,-43.1729,12,27.4,75.88,1012.53,22.76,19.9742,95.8764
Johannesburg,ZA,-26.2041,28.0473,2,18.92,62.36,823.02,11.56,10.1096,51.888
Singapore,SG,1.3521,103.8198,2,25.37,73.22,1015.99,20.21,17.2096,88.3293
Rome,IT,41.9028,12.4964,10,18.29,70.7,1015.79,12.87,11.0413,49.3266
Mexico City,MX,19.4326,-99.1332,5,19.35,50.16,775.93,8.7,8.3397,41.632
Los Angeles,US,34.0522,-118.2437,9,24.99,58.54,1007.98,16.29,13.4724,59.4941
Leh,IN,34.1526,77.577,1,-9.88,50.81,648.64,-18.13,1.2109,6.045
Los Angeles,US,34.0522,-118.2437,6,25.67,61.93,1007.03,17.81,14.8033,71.056
Paris,FR,48.8566,2.3522,3,10.27,77.16,1014.73,6.45,7.3727,38.2202
Rome,IT,41.9028,12.4964,8,33.55,49.24,1013.05,21.42,18.0768,80.757
Singapore,SG,1.3521,103.8198,4,26.33,89.13,1009.86,24.39,22.1104,113.4826
Paris,FR,48.8566,2.3522,3,10.29,78.86,1009.07,6.78,7.5434,39.1049
Moscow,RU,55.7558,37.6173,6,24.35,63.71,1014.12,17.02,14.1454,67.8978
Karachi,PK,24.8607,67.0011,6,31.29,69.92,1001.06,25.13,22.757,109.2338
Dhaka,BD,23.7104,90.4074,4,32.04,69.08,1000.63,25.64,23.3967,120.085
Los Angeles,US,34.0522,-118.2437,6,22.67,71.3,1009.44,17.2,14.3841,69.0439
Nairobi,KE,-1.2921,36.8219,12,10.85,73.23,834.36,6.24,7.2564,34.8309
Johannesburg,ZA,-26.2041,28.0473,9,16.41,60.87,828.62,8.84,8.4994,37.5333
Paris,FR,48.8566,2.3522,7,23.42,60.98,1009.94,15.45,12.8361,59.1488
Singapore,SG,1.3521,103.8198,3,28.57,84.32,1005.87,25.66,23.6773,122.7432
Anchorage,US,61.2181,-149.9003,9,12.73,76.31,1007.88,8.67,8.5069,37.5664
Buenos Aires,AR,-34.6037,-58.3816,1,28.66,61.59,1013.06,20.54,17.3762,86.7418
Houston,US,29.7604,-95.3698,9,27.43,78.14,1010.64,23.27,20.6074,91.0022
Jaipur,IN,26.9124,75.7873,12,14.78,66.44,965.53,8.58,8.4012,40.3259
Kathmandu,NP,27.7172,85.324,5,18.16,58.42,851.84,9.86,9.0546,45.2004
Rome,IT,41.9028,12.4964,6,25.04,47.89,1008.94,13.21,11.0491,53.0358
Beijing,CN,39.9042,116.4074,3,8.5,56.71,1011.2,0.4,4.8415,25.0985
Dhaka,BD,23.7104,90.4074,3,26.12,60.18,1006.24,17.78,14.7565,76.4975
Paris,FR,48.8566,2.3522,10,10.51,78.9,1012.64,7.01,7.6556,34.2012
Shanghai,CN,31.2304,121.4737,6,25.05,76.73,1012.93,20.67,17.7191,85.0515
Riyadh,SA,24.6877,46.7219,5,35.41,27.03,924.63,13.54,10.9372,54.5983
Singapore,SG,1.3521,103.8198,9,26.13,71.84,1011.35,20.63,17.6192,77.8065
Mexico City,MX,19.4326,-99.1332,4,19.82,56.49,777.68,10.91,9.657,49.565
Melbourne,AU,-37.8136,144.9631,5,13.35,72.6,1019.33,8.53,8.4127,41.996
Cairo,EG,30.0444,31.2357,9,30.74,48.49,1005.66,18.61,15.3209,67.6572
Buenos Aires,AR,-34.6037,-58.3816,8,9.71,71.9,1017.46,4.88,6.629,29.6147
Mexico City,MX,19.4326,-99.1332,9,20.36,77.65,773.48,16.32,13.702,60.508
Hong Kong,HK,22.3193,114.1694,1,14.12,68.69,1007.81,8.45,8.3433,41.6495
Lahore,PK,31.5497,74.3436,11,14.01,65.28,984.59,7.6,7.8762,36.2937
Chicago,US,41.8781,-87.6298,10,14.27,58.77,1015.57,6.3,7.2023,32.1758
Rio de Janeiro,BR,-22.9068,-43.1729,10,22.41,78.32,1014.91,18.44,15.5593,69.5103
Sydney,AU,-33.8688,151.2093,11,18.14,73.26,1012.56,13.28,11.3457,52.2811
Johannesburg,ZA,-26.2041,28.0473,12,22.87,64.35,825.79,15.78,13.1275,63.0118
São Paulo,BR,-23.5505,-46.6333,12,22.18,73.11,925.14,17.13,14.3373,68.8191
Chennai,IN,13.0827,80.2707,2,23.3,66.8,1013.31,16.77,13.9697,71.7001
Chicago,US,41.8781,-87.6298,9,19.54,52.08,1014.02,9.43,8.7579,38.6749
Jaipur,IN,26.9124,75.7873,9,26.41,53.34,951.79,16.14,13.2886,58.6825
Chennai,IN,13.0827,80.2707,7,33.75,72.56,1006.11,28.12,26.9191,124.0431
Sydney,AU,-33.8688,151.2093,4,15.7,65.22,1011.4,9.19,8.7224,44.768
Amman,JO,31.9454,35.9284,12,4.1,62.25,922.38,-2.47,3.9852,19.1289
Addis Ababa,ET,9.032,38.7492,2,17.16,60.54,767.68,9.46,8.8425,45.3846
Mumbai,IN,19.076,72.8777,1,23.81,80.33,1015.88,20.21,17.2914,86.3185
Mumbai,IN,19.076,72.8777,8,28.29,83.58,1003.49,25.23,23.1076,103.2318
Jakarta,ID,-6.2088,106.8456,12,21.43,95.14,1006.8,20.61,17.8607,85.7314
New York,US,40.7128,-74.006,7,22.02,57.78,1012.88,13.3,11.223,51.7157
Chicago,US,41.8781,-87.6298,10,12.76,62.69,1015.31,5.82,7.0006,31.2749
Nairobi,KE,-1.2921,36.8219,4,14.33,71.52,836.24,9.25,8.798,45.156
Miami,US,25.7617,-80.1918,11,26.47,78.86,1015.39,22.49,19.711,90.8282
Rome,IT,41.9028,12.4964,11,16.29,74.14,1011.77,11.67,10.2743,47.3442
Kolkata,IN,22.5726,88.3639,12,18.71,74.77,1016.33,14.14,11.9746,57.4781
Kolkata,IN,22.5726,88.3639,9,30.64,89.97,1001.47,28.8,28.2664,124.8244
Buenos Aires,AR,-34.6037,-58.3816,1,27.27,55.72,1007.93,17.63,14.56,72.6837
London,GB,51.5074,-0.1278,3,7.45,78.2,1015.33,3.9,6.2369,32.3321
Chennai,IN,13.0827,80.2707,1,21.56,86.99,1016.37,19.3,16.4609,82.1729
Casablanca,MA,33.5731,-7.5898,2,12.22,84.44,1012.89,9.67,9.1208,46.8128
Kolkata,IN,22.5726,88.3639,3,25.28,65.99,1006.88,18.46,15.433,80.0048
Kolkata,IN,22.5726,88.3639,1,19.71,78.84,1012.94,15.92,13.3888,66.8368
Jaipur,IN,26.9124,75.7873,6,39.71,37.57,947.09,22.5,18.9494,90.957
Kuala Lumpur,MY,3.139,101.6869,2,27.32,80.3,1007.78,23.62,21.0487,108.0338
Melbourne,AU,-37.8136,144.9631,10,19.32,66.05,1014.16,12.81,10.9642,48.982
Lagos,NG,6.5244,3.3792,10,27.23,85.38,1004.8,24.55,22.2667,99.4752
Colombo,LK,6.9271,79.8612,2,27.96,68.21,1009.93,21.54,18.5234,95.0726
Riyadh,SA,24.6877,46.7219,10,28.86,5.0,935.71,-14.55,1.4263,6.3719
Amman,JO,31.9454,35.9284,3,16.25,46.11,919.66,4.64,6.3754,33.0499
Hyderabad,IN,17.385,78.4867,7,28.63,67.45,946.71,21.99,18.9994,87.5494
Karachi,PK,24.8607,67.0011,3,26.38,66.33,1014.8,19.58,16.4989,85.5304
Dubai,AE,25.2048,55.2708,6,37.35,47.98,1004.93,24.45,21.4649,103.0317
Bangalore,IN,12.9716,77.5946,6,19.77,80.61,907.16,16.34,13.7436,65.9693
Berlin,DE,52.52,13.405,3,10.86,80.17,1008.89,7.58,7.9532,41.2296
New York,US,40.7128,-74.006,8,25.12,64.48,1013.31,17.94,14.946,66.7706
London,GB,51.5074,-0.1278,2,-0.29,79.17,1013.82,-3.45,3.764,19.3192
Kolkata,IN,22.5726,88.3639,10,32.5,74.76,1009.27,27.42,25.9513,115.936
Mumbai,IN,19.076,72.8777,10,30.44,78.17,1009.28,26.2,24.3037,108.5756
Lagos,NG,6.5244,3.3792,2,23.32,70.24,1009.65,17.59,14.705,75.4743
Melbourne,AU,-37.8136,144.9631,3,21.28,72.26,1010.23,16.08,13.4545,69.7483
Karachi,PK,24.8607,67.0011,7,31.5,70.24,1003.63,25.4,23.1154,106.5158
Istanbul,TR,41.0082,28.9784,6,20.45,60.69,1013.01,12.59,10.768,51.6866
Bangkok,TH,13.7563,100.5018,7,30.3,83.86,1007.23,27.25,25.8709,119.2131
Istanbul,TR,41.0082,28.9784,12,5.92,67.79,1016.26,0.43,4.8951,23.4966
Shanghai,CN,31.2304,121.4737,10,19.28,61.63,1015.32,11.72,10.2046,45.5884
Paris,FR,48.8566,2.3522,7,19.24,69.84,1011.54,13.59,11.5374,53.1644
Johannesburg,ZA,-26.2041,28.0473,4,17.32,52.82,821.76,7.59,7.7853,39.9584
Berlin,DE,52.52,13.405,2,-2.93,84.65,1017.73,-5.15,3.3463,17.1751
Colombo,LK,6.9271,79.8612,10,26.56,88.44,1003.38,24.49,22.2268,99.2969
Houston,US,29.7604,-95.3698,10,24.95,85.08,1014.95,22.26,19.5308,87.2526
Chicago,US,41.8781,-87.6298,7,27.07,68.2,1014.79,20.69,17.6254,81.2176
Miami,US,25.7617,-80.1918,1,20.36,65.77,1014.03,13.73,11.6026,57.92
Casablanca,MA,33.5731,-7.5898,2,11.99,84.71,1017.03,9.5,9.0186,46.2886
Bangalore,IN,12.9716,77.5946,9,23.99,81.19,910.66,20.56,17.6524,77.9528
Addis Ababa,ET,9.032,38.7492,8,15.11,94.15,774.99,14.18,12.1522,54.2893
Jakarta,ID,-6.2088,106.8456,5,28.0,77.64,1011.1,23.72,21.1317,105.4895
Amman,JO,31.9454,35.9284,11,14.9,53.04,921.34,5.42,6.759,31.1456
Anchorage,US,61.2181,-149.9003,4,6.08,71.66,1010.85,1.35,5.228,26.8328
Houston,US,29.7604,-95.3698,11,16.34,86.3,1018.5,14.05,11.9991,55.2918
Kathmandu,NP,27.7172,85.324,3,13.77,67.98,853.9,7.96,8.0817,41.8957
London,GB,51.5074,-0.1278,3,10.52,66.17,1016.55,4.48,6.4252,33.3083
Melbourne,AU,-37.8136,144.9631,7,9.76,70.79,1017.01,4.72,6.5508,30.1859
Jakarta,ID,-6.2088,106.8456,5,26.51,86.01,1011.21,23.97,21.5544,107.5993
Amman,JO,31.9454,35.9284,5,20.28,32.03,917.38,3.06,5.6267,28.0883
Buenos Aires,AR,-34.6037,-58.3816,2,23.88,60.34,1015.9,15.72,13.0389,66.923
Chennai,IN,13.0827,80.2707,10,29.13,67.86,1008.18,22.57,19.6504,87.7869
Rio de Janeiro,BR,-22.9068,-43.1729,8,18.24,75.23,1017.34,13.78,11.718,52.3495
Delhi,IN,28.6139,77.209,3,21.37,57.22,1011.96,12.55,10.7054,55.4969
Lagos,NG,6.5244,3.3792,10,26.74,82.0,1008.91,23.4,20.8055,92.9474
Karachi,PK,24.8607,67.0011,4,29.39,65.69,1009.74,22.28,19.2896,99.005
Tokyo,JP,35.6762,139.6503,3,6.24,68.03,1016.59,0.78,5.0147,25.9962
Mumbai,IN,19.076,72.8777,7,34.89,97.25,1003.05,34.39,38.2953,176.4649
Karachi,PK,24.8607,67.0011,3,29.88,74.8,1016.43,24.91,22.5617,116.9599
São Paulo,BR,-23.5505,-46.6333,7,16.02,65.64,929.66,9.59,8.952,41.2508
Amman,JO,31.9454,35.9284,5,25.8,37.8,919.61,10.31,9.1025,45.4398
Bangkok,TH,13.7563,100.5018,4,36.61,67.89,1010.8,29.69,29.2407,150.0794
Los Angeles,US,34.0522,-118.2437,8,27.11,69.5,1007.62,21.04,18.006,80.4409
Kathmandu,NP,27.7172,85.324,12,7.68,62.48,859.11,0.97,5.06,24.288
Addis Ababa,ET,9.032,38.7492,4,19.34,70.98,767.86,13.94,11.7954,60.5405
Moscow,RU,55.7558,37.6173,2,-6.85,77.82,1013.22,-10.06,2.3216,11.9158
Melbourne,AU,-37.8136,144.9631,12,17.1,69.07,1009.89,11.38,10.0522,48.2504
Delhi,IN,28.6139,77.209,6,34.81,48.78,998.45,22.41,19.1263,91.8061
Lagos,NG,6.5244,3.3792,5,25.6,90.0,1008.48,23.83,21.4355,107.0062
Hong Kong,HK,22.3193,114.1694,10,29.13,62.52,1013.01,21.23,18.1007,80.8638
Paris,FR,48.8566,2.3522,11,5.68,84.79,1013.11,3.33,6.0279,27.7764
Mumbai,IN,19.076,72.8777,3,26.38,77.07,1010.75,22.03,19.1704,99.3794
Dhaka,BD,23.7104,90.4074,8,31.36,80.36,1000.05,27.56,26.255,117.2927
Dubai,AE,25.2048,55.2708,10,30.68,53.26,1007.11,20.06,16.7709,74.9229
Miami,US,25.7617,-80.1918,2,17.55,61.12,1021.71,9.97,9.1373,46.8975
Moscow,RU,55.7558,37.6173,5,12.03,57.62,1012.07,3.93,6.1515,30.7083
Rome,IT,41.9028,12.4964,12,10.44,81.47,1017.77,7.4,7.8662,37.7577
Nairobi,KE,-1.2921,36.8219,5,20.12,81.13,832.35,16.77,14.1121,70.4478
Lagos,NG,6.5244,3.3792,4,27.34,76.61,1006.32,22.86,20.1034,103.182
Mumbai,IN,19.076,72.8777,12,30.23,74.73,1011.18,25.23,22.9645,110.2294
Hong Kong,HK,22.3193,114.1694,11,24.61,72.39,1014.74,19.3,16.3044,75.1308
Johannesburg,ZA,-26.2041,28.0473,12,20.73,62.74,825.62,13.36,11.3142,54.3081
São Paulo,BR,-23.5505,-46.6333,9,22.16,72.4,928.24,16.95,14.1797,62.6175
Nairobi,KE,-1.2921,36.8219,9,18.97,62.44,837.59,11.63,10.1546,44.8427
Karachi,PK,24.8607,67.0011,5,32.91,72.18,1007.5,27.22,25.6091,127.8408
Jaipur,IN,26.9124,75.7873,10,26.8,39.31,962.43,11.79,10.0102,44.7199
Addis Ababa,ET,9.032,38.7492,1,18.7,65.18,769.81,12.02,10.4324,52.0784
Mumbai,IN,19.076,72.8777,12,22.44,69.85,1014.95,16.65,13.902,66.7294
Bangalore,IN,12.9716,77.5946,10,22.44,79.55,914.96,18.72,15.8328,70.7321
Chicago,US,41.8781,-87.6298,1,-6.39,75.36,1019.07,-10.02,2.3252,11.6072
Shanghai,CN,31.2304,121.4737,9,20.98,70.64,1013.11,15.43,12.9208,57.0582
Hyderabad,IN,17.385,78.4867,8,28.91,77.79,942.37,24.63,22.2513,99.4063
Delhi,IN,28.6139,77.209,10,19.09,62.37,1010.85,11.72,10.2136,45.6288
Kathmandu,NP,27.7172,85.324,6,24.73,82.43,858.56,21.53,18.6944,89.7332
Rio de Janeiro,BR,-22.9068,-43.1729,1,32.97,73.14,1012.08,27.51,26.0406,129.9947
Kathmandu,NP,27.7172,85.324,7,30.15,77.07,855.68,25.67,23.5823,108.667
Leh,IN,34.1526,77.577,9,14.48,50.1,645.61,4.21,6.2215,27.4741
Berlin,DE,52.52,13.405,4,10.27,69.1,1011.52,4.85,6.6031,33.8906
Colombo,LK,6.9271,79.8612,3,27.32,76.38,1006.64,22.79,20.0196,103.7816
Beijing,CN,39.9042,116.4074,1,-5.01,39.47,1014.81,-16.65,1.3458,6.7184
São Paulo,BR,-23.5505,-46.6333,2,22.01,82.67,924.62,18.93,16.0579,82.4183
Leh,IN,34.1526,77.577,1,-11.21,53.37,656.94,-18.79,1.1508,5.7447
Hyderabad,IN,17.385,78.4867,6,31.73,61.55,939.21,23.41,20.5093,98.4445
Colombo,LK,6.9271,79.8612,1,31.35,75.39,1013.12,26.46,24.612,122.8632
Hyderabad,IN,17.385,78.4867,11,22.48,79.25,954.57,18.7,15.8081,72.8439
Leh,IN,34.1526,77.577,6,21.05,32.74,651.31,4.04,6.0148,28.8711
Colombo,LK,6.9271,79.8612,10,28.93,78.72,1005.89,24.85,22.5374,100.6846
Berlin,DE,52.52,13.405,1,2.94,87.6,1015.96,1.08,5.1878,25.8977
Casablanca,MA,33.5731,-7.5898,9,22.12,69.62,1014.49,16.3,13.6044,60.0771
Beijing,CN,39.9042,116.4074,5,22.73,47.41,1009.01,10.96,9.5945,47.8958
Shanghai,CN,31.2304,121.4737,2,6.58,70.21,1013.77,1.54,5.2924,27.1634
Jaipur,IN,26.9124,75.7873,6,39.5,32.91,943.7,20.15,16.4272,78.8506
Riyadh,SA,24.6877,46.7219,10,26.7,14.53,932.95,-2.51,3.6806,16.4431
Riyadh,SA,24.6877,46.7219,4,34.01,19.57,934.45,7.54,7.3611,37.781
Kathmandu,NP,27.7172,85.324,7,24.78,84.76,850.41,22.03,19.2749,88.8186
New York,US,40.7128,-74.006,6,26.23,51.67,1012.67,15.49,12.7497,61.1985
Leh,IN,34.1526,77.577,7,25.66,33.89,649.09,8.57,8.099,37.3201
Shanghai,CN,31.2304,121.4737,11,15.43,67.27,1016.83,9.39,8.8525,40.7925
Colombo,LK,6.9271,79.8612,8,25.62,73.04,1006.19,20.42,17.4139,77.7958
Miami,US,25.7617,-80.1918,6,27.66,71.31,1010.6,21.99,19.0485,91.4328
Nairobi,KE,-1.2921,36.8219,10,19.3,78.62,835.52,15.48,13.0352,58.2339
Singapore,SG,1.3521,103.8198,11,28.42,78.21,1010.29,24.25,21.785,100.3851
Jakarta,ID,-6.2088,106.8456,11,24.13,73.1,1008.62,19.0,16.0265,73.8501
Mexico City,MX,19.4326,-99.1332,7,17.57,72.36,777.96,12.54,10.8324,49.9157
Casablanca,MA,33.5731,-7.5898,11,14.87,66.13,1014.7,8.61,8.4118,38.7613
Amman,JO,31.9454,35.9284,7,24.82,27.16,912.24,4.62,6.191,28.528
Amman,JO,31.9454,35.9284,6,24.03,18.28,917.21,-1.56,3.9834,19.1205
Melbourne,AU,-37.8136,144.9631,9,13.39,55.85,1014.8,4.75,6.4835,28.6311
Mexico City,MX,19.4326,-99.1332,6,20.46,68.91,772.82,14.55,12.2299,58.7034
Shanghai,CN,31.2304,121.4737,8,25.99,74.32,1009.32,21.05,18.0881,80.8078
Anchorage,US,61.2181,-149.9003,11,0.49,90.79,1008.0,-0.84,4.5536,20.9832
Moscow,RU,55.7558,37.6173,6,21.84,67.16,1010.28,15.47,12.9136,61.9852
Beijing,CN,39.9042,116.4074,11,3.49,50.41,1018.61,-5.85,3.0974,14.2728
Delhi,IN,28.6139,77.209,5,34.76,31.97,999.35,15.59,12.5062,62.431
Dubai,AE,25.2048,55.2708,10,35.5,59.83,1006.92,26.47,24.3243,108.6676
Houston,US,29.7604,-95.3698,4,26.64,74.78,1017.31,21.79,18.8753,96.8784
Anchorage,US,61.2181,-149.9003,6,12.12,68.01,1010.54,6.4,7.3015,35.0471
Colombo,LK,6.9271,79.8612,3,28.57,65.16,1013.35,21.37,18.2915,94.8233
Buenos Aires,AR,-34.6037,-58.3816,2,22.57,68.73,1011.0,16.52,13.7802,70.7275
Berlin,DE,52.52,13.405,5,17.79,67.39,1011.55,11.67,10.2196,51.0162
Bangkok,TH,13.7563,100.5018,2,22.96,63.32,1014.15,15.61,12.9834,66.6379
Colombo,LK,6.9271,79.8612,7,25.31,85.95,1009.73,22.79,20.1438,92.8228
Los Angeles,US,34.0522,-118.2437,9,25.44,69.36,1013.35,19.41,16.3697,72.2887
Riyadh,SA,24.6877,46.7219,7,39.18,5.0,922.03,-7.36,2.4553,11.3142
Tokyo,JP,35.6762,139.6503,11,8.18,63.09,1017.38,1.58,5.2771,24.3171
Bangkok,TH,13.7563,100.5018,6,28.63,80.89,1006.95,25.02,22.7886,109.3851
Karachi,PK,24.8607,67.0011,1,14.29,77.23,1017.53,10.36,9.4786,47.3172
Singapore,SG,1.3521,103.8198,11,24.77,82.93,1013.7,21.66,18.8474,86.8487
Los Angeles,US,34.0522,-118.2437,5,19.98,77.48,1011.1,15.92,13.3715,66.7507
Karachi,PK,24.8607,67.0011,6,31.17,62.96,1001.97,23.26,20.354,97.6991
Jakarta,ID,-6.2088,106.8456,1,28.27,82.88,1005.2,25.07,22.885,114.2417
Johannesburg,ZA,-26.2041,28.0473,2,20.12,52.05,825.98,9.96,9.0575,46.4882
Istanbul,TR,41.0082,28.9784,3,3.67,71.93,1014.79,-0.92,4.475,23.1983
Hyderabad,IN,17.385,78.4867,5,34.1,25.84,940.82,11.74,9.7602,48.7232
Colombo,LK,6.9271,79.8612,8,28.59,89.02,1005.14,26.59,25.0177,111.7654
Shanghai,CN,31.2304,121.4737,8,27.56,74.21,1011.7,22.55,19.7129,88.0663
Karachi,PK,24.8607,67.0011,5,30.44,70.41,1002.4,24.43,21.8861,109.2556
Rio de Janeiro,BR,-22.9068,-43.1729,8,22.37,74.2,1015.33,17.54,14.7066,65.7011
New York,US,40.7128,-74.006,3,9.42,61.52,1013.27,2.4,5.5691,28.8702
Kuala Lumpur,MY,3.139,101.6869,11,19.93,92.75,1001.58,18.71,15.9556,73.5236
Cairo,EG,30.0444,31.2357,9,32.64,47.53,1007.59,20.02,16.6291,73.434
Tokyo,JP,35.6762,139.6503,3,10.43,68.8,1019.04,4.95,6.6419,34.4314
Bangkok,TH,13.7563,100.5018,2,30.5,67.69,1012.96,23.83,21.1093,108.3445
Chicago,US,41.8781,-87.6298,5,19.68,63.08,1009.5,12.45,10.6948,53.3883
Singapore,SG,1.3521,103.8198,1,21.71,92.19,1010.26,20.39,17.5972,87.8453
Karachi,PK,24.8607,67.0011,2,20.11,66.65,1016.83,13.71,11.5935,59.5044
Chennai,IN,13.0827,80.2707,11,24.15,78.58,1014.85,20.18,17.2413,79.4479
Beijing,CN,39.9042,116.4074,1,-0.75,46.06,1014.28,-10.9,2.1211,10.5887
Miami,US,25.7617,-80.1918,10,25.71,83.68,1013.87,22.73,20.0498,89.5716
Mumbai,IN,19.076,72.8777,9,32.01,90.82,1008.4,30.31,30.7145,135.6351
Beijing,CN,39.9042,116.4074,9,20.41,55.42,1010.6,11.17,9.8075,43.3101
Kathmandu,NP,27.7172,85.324,5,22.62,48.99,852.62,11.35,9.8512,49.1773
Hyderabad,IN,17.385,78.4867,7,29.48,77.6,938.58,25.14,22.8976,105.512
Casablanca,MA,33.5731,-7.5898,6,20.77,59.98,1008.99,12.71,10.8395,52.0294
Lahore,PK,31.5497,74.3436,11,17.84,64.76,985.5,11.11,9.8497,45.3875
Riyadh,SA,24.6877,46.7219,3,20.82,33.11,936.82,4.0,6.003,31.1194
New York,US,40.7128,-74.006,11,8.48,62.16,1013.62,1.66,5.2994,24.4197
Sydney,AU,-33.8688,151.2093,7,13.91,71.75,1018.42,8.89,8.6044,39.6489
Lagos,NG,6.5244,3.3792,11,29.77,77.33,1013.05,25.37,23.1852,106.8376
Chicago,US,41.8781,-87.6298,3,7.66,64.17,1015.2,1.32,5.1877,26.8928
Lagos,NG,6.5244,3.3792,9,26.89,78.69,1004.84,22.86,20.1347,88.9149
Chicago,US,41.8781,-87.6298,11,1.08,76.17,1013.59,-2.64,3.9785,18.3329
Hyderabad,IN,17.385,78.4867,6,29.49,46.06,938.76,16.65,13.598,65.2703
Berlin,DE,52.52,13.405,3,2.54,74.53,1013.13,-1.52,4.2978,22.2799
Karachi,PK,24.8607,67.0011,9,29.95,71.09,1003.48,24.12,21.5202,95.033
Rome,IT,41.9028,12.4964,11,14.49,74.61,1011.31,10.04,9.272,42.7254
Istanbul,TR,41.0082,28.9784,1,4.91,72.16,1015.38,0.32,4.8746,24.3338
Cairo,EG,30.0444,31.2357,6,29.16,40.23,1008.39,14.25,11.6664,55.9988
London,GB,51.5074,-0.1278,8,23.25,73.45,1013.47,18.23,15.3187,68.4356
Leh,IN,34.1526,77.577,9,15.65,30.29,649.21,-1.74,4.0385,17.8341
Hong Kong,HK,22.3193,114.1694,6,32.32,78.4,1007.17,28.06,26.9515,129.367
Amman,JO,31.9454,35.9284,4,17.45,46.31,923.06,5.8,6.8825,35.3248
Nairobi,KE,-1.2921,36.8219,1,20.09,64.4,837.87,13.16,11.1873,55.8472
Berlin,DE,52.52,13.405,12,1.7,85.84,1018.59,-0.41,4.6761,22.4451
Jaipur,IN,26.9124,75.7873,12,13.05,67.39,964.09,7.14,7.6612,36.7736
Kathmandu,NP,27.7172,85.324,4,20.81,47.99,854.51,9.39,8.6945,44.6248
Paris,FR,48.8566,2.3522,4,13.67,82.64,1011.86,10.76,9.7613,50.1006
Amman,JO,31.9454,35.9284,2,6.84,60.38,924.98,-0.3,4.6292,23.7598
Amman,JO,31.9454,35.9284,12,13.63,69.0,926.56,8.05,8.1317,39.0324
Dhaka,BD,23.7104,90.4074,4,31.7,66.89,1002.87,24.77,22.2494,114.1965
Jaipur,IN,26.9124,75.7873,4,31.41,21.13,953.08,6.52,6.9214,35.5244
Kuala Lumpur,MY,3.139,101.6869,4,26.94,88.82,1008.77,24.93,22.7941,116.992
Beijing,CN,39.9042,116.4074,2,3.15,58.3,1014.48,-4.24,3.5028,17.9784
Mexico City,MX,19.4326,-99.1332,5,19.44,70.7,773.11,13.97,11.821,59.0103
Jaipur,IN,26.9124,75.7873,9,29.66,53.04,950.78,19.06,15.8088,69.8117
Amman,JO,31.9454,35.9284,10,27.19,39.42,919.97,12.18,10.26,45.8361
Mumbai,IN,19.076,72.8777,7,31.56,93.71,1004.06,30.41,30.9336,142.5419
Johannesburg,ZA,-26.2041,28.0473,6,10.68,41.42,831.84,-1.89,4.0619,19.4971
Miami,US,25.7617,-80.1918,1,22.81,63.42,1017.49,15.49,12.8925,64.3594
London,GB,51.5074,-0.1278,10,9.03,79.32,1016.63,5.64,7.0061,31.2993
Singapore,SG,1.3521,103.8198,10,28.35,88.97,1007.5,26.35,24.6787,110.2505
Leh,IN,34.1526,77.577,2,-5.61,45.85,650.67,-15.41,1.4966,7.6811
Paris,FR,48.8566,2.3522,6,17.31,67.36,1011.1,11.2,9.9261,47.6451
Rio de Janeiro,BR,-22.9068,-43.1729,9,19.08,89.48,1018.12,17.3,14.6437,64.6665
Bangalore,IN,12.9716,77.5946,9,24.73,84.17,915.57,21.87,19.0885,84.2947
Hyderabad,IN,17.385,78.4867,9,24.28,76.17,946.23,19.8,16.8359,74.3474
Tokyo,JP,35.6762,139.6503,7,28.25,77.33,1015.0,23.89,21.3307,98.2918
Nairobi,KE,-1.2921,36.8219,3,18.26,70.15,832.17,12.73,10.9406,56.7159
Colombo,LK,6.9271,79.8612,7,24.43,76.86,1004.51,20.09,17.1323,78.9455
Delhi,IN,28.6139,77.209,1,14.31,81.21,1019.6,11.13,9.9818,49.829
Nairobi,KE,-1.2921,36.8219,5,19.32,84.16,837.18,16.58,13.9743,69.7597
Casablanca,MA,33.5731,-7.5898,6,20.26,76.32,1014.64,15.95,13.3875,64.26
Amman,JO,31.9454,35.9284,8,25.99,37.15,912.35,10.22,9.0427,40.3978
Moscow,RU,55.7558,37.6173,9,7.2,75.36,1009.61,3.14,5.915,26.1205
Moscow,RU,55.7558,37.6173,5,13.77,55.4,1010.23,4.99,6.5838,32.8662
Moscow,RU,55.7558,37.6173,3,-1.21,74.11,1012.24,-5.23,3.3042,17.1288
Tokyo,JP,35.6762,139.6503,11,11.7,69.52,1016.53,6.31,7.2703,33.5016
Houston,US,29.7604,-95.3698,5,24.34,67.6,1011.74,17.95,14.997,74.8651
Beijing,CN,39.9042,116.4074,10,12.49,55.94,1015.96,3.94,6.1453,27.4537
São Paulo,BR,-23.5505,-46.6333,8,14.47,60.0,929.59,6.8,7.4459,33.2643
Los Angeles,US,34.0522,-118.2437,8,21.11,49.04,1009.99,9.98,9.0401,40.386
Rome,IT,41.9028,12.4964,11,14.75,74.39,1016.38,10.24,9.3917,43.2769
Miami,US,25.7617,-80.1918,9,25.49,78.55,1012.68,21.48,18.5963,82.1212
Melbourne,AU,-37.8136,144.9631,11,15.07,63.94,1015.5,8.3,8.2323,37.9345
Shanghai,CN,31.2304,121.4737,4,20.28,74.36,1011.63,15.57,13.0623,67.0428
Bangalore,IN,12.9716,77.5946,2,19.03,50.65,906.7,8.56,8.268,42.436
Melbourne,AU,-37.8136,144.9631,9,12.82,70.65,1015.76,7.62,7.9221,34.9838
São Paulo,BR,-23.5505,-46.6333,2,16.68,83.49,930.42,13.87,11.8486,60.8137
Addis Ababa,ET,9.032,38.7492,11,16.64,53.67,772.47,7.19,7.5947,34.9964
Jakarta,ID,-6.2088,106.8456,6,22.56,87.05,1015.56,20.3,17.4516,83.7678
Sydney,AU,-33.8688,151.2093,1,28.18,76.59,1011.64,23.67,21.051,105.0868
Cairo,EG,30.0444,31.2357,5,29.0,36.08,1008.84,12.43,10.3712,51.7729
Berlin,DE,52.52,13.405,11,-0.66,79.56,1018.88,-3.75,3.6863,16.9865
Jaipur,IN,26.9124,75.7873,2,23.58,51.4,965.31,12.96,10.9209,56.0522
Houston,US,29.7604,-95.3698,4,24.79,68.55,1012.15,18.6,15.5931,80.0323
Kathmandu,NP,27.7172,85.324,4,25.65,49.62,852.81,14.32,11.8473,60.8067
Delhi,IN,28.6139,77.209,6,38.12,57.01,997.47,28.09,26.5324,127.3553
Cairo,EG,30.0444,31.2357,1,12.55,67.43,1018.79,6.68,7.4332,37.1066
Colombo,LK,6.9271,79.8612,5,26.1,86.8,1006.68,23.72,21.2605,106.1326
Beijing,CN,39.9042,116.4074,11,5.83,62.21,1013.37,-0.84,4.4654,20.5768
Delhi,IN,28.6139,77.209,1,10.84,78.26,1018.1,7.2,7.7505,38.6905
New York,US,40.7128,-74.006,5,14.68,57.8,1013.65,6.46,7.2672,36.2779
Singapore,SG,1.3521,103.8198,12,25.16,96.51,1007.55,24.56,22.4196,107.614
Chicago,US,41.8781,-87.6298,1,-4.21,73.89,1015.59,-8.16,2.6665,13.3114
Bangalore,IN,12.9716,77.5946,11,19.53,71.47,914.68,14.23,12.012,55.3514
Colombo,LK,6.9271,79.8612,8,25.77,93.64,1011.65,24.66,22.5106,100.5647
Hong Kong,HK,22.3193,114.1694,6,30.05,81.03,1009.01,26.43,24.6668,118.4006
Rio de Janeiro,BR,-22.9068,-43.1729,5,21.87,85.71,1016.51,19.36,16.51,82.4179
Chicago,US,41.8781,-87.6298,4,14.15,67.29,1013.58,8.18,8.19,42.0358
Addis Ababa,ET,9.032,38.7492,10,20.52,74.07,769.26,15.74,13.1942,58.9443
Berlin,DE,52.52,13.405,9,14.93,76.31,1014.07,10.79,9.736,42.9943
Beijing,CN,39.9042,116.4074,10,12.77,45.96,1017.78,1.43,5.1356,22.9431
Miami,US,25.7617,-80.1918,11,26.93,72.11,1013.25,21.47,18.4961,85.2299
Dubai,AE,25.2048,55.2708,8,37.71,67.39,1004.83,30.6,30.7043,137.1699
Paris,FR,48.8566,2.3522,2,7.0,83.96,1012.98,4.48,6.5053,33.3888
Los Angeles,US,34.0522,-118.2437,10,19.76,55.01,1014.15,10.46,9.3746,41.8805
Cairo,EG,30.0444,31.2357,1,13.99,67.38,1016.96,8.04,8.1192,40.5311
Karachi,PK,24.8607,67.0011,1,12.73,82.26,1016.77,9.78,9.1719,45.786
Dubai,AE,25.2048,55.2708,6,40.06,52.66,1003.36,28.51,27.0292,129.7399
Mumbai,IN,19.076,72.8777,1,23.81,60.33,1011.73,15.66,12.9907,64.8498
Nairobi,KE,-1.2921,36.8219,4,18.03,75.84,833.54,13.69,11.6625,59.8584
Paris,FR,48.8566,2.3522,5,12.23,76.01,1008.04,8.12,8.2141,41.005
Kuala Lumpur,MY,3.139,101.6869,7,28.73,82.93,1005.83,25.53,23.4903,108.2432
Amman,JO,31.9454,35.9284,1,13.09,60.9,927.48,5.72,6.9423,34.6558
Kolkata,IN,22.5726,88.3639,12,18.07,80.51,1014.63,14.66,12.414,59.5872
Karachi,PK,24.8607,67.0011,11,25.11,76.01,1015.97,20.58,17.6119,81.1554
Berlin,DE,52.52,13.405,10,12.89,71.78,1016.18,7.92,8.0838,36.1141
Mumbai,IN,19.076,72.8777,11,28.8,68.56,1015.97,22.43,19.4963,89.8392
Riyadh,SA,24.6877,46.7219,6,36.68,15.47,919.87,6.24,6.6833,32.08
Singapore,SG,1.3521,103.8198,5,27.74,73.41,1005.47,22.54,19.6924,98.3042
Lagos,NG,6.5244,3.3792,12,27.04,78.94,1014.89,23.07,20.3745,97.7976
Lahore,PK,31.5497,74.3436,8,34.89,77.02,968.29,30.25,30.3371,135.5295
London,GB,51.5074,-0.1278,7,19.38,70.15,1016.02,13.79,11.6837,53.8386
Chennai,IN,13.0827,80.2707,2,27.57,78.97,1010.28,23.58,20.9834,107.6982
Mexico City,MX,19.4326,-99.1332,10,12.92,76.55,774.72,8.9,8.6355,38.5786
São Paulo,BR,-23.5505,-46.6333,11,22.47,84.27,928.62,19.68,16.8004,77.4161
Bangkok,TH,13.7563,100.5018,3,28.52,67.58,1009.97,21.92,18.9231,98.0972
New York,US,40.7128,-74.006,6,20.91,76.96,1015.76,16.71,14.0183,67.2879
Delhi,IN,28.6139,77.209,2,20.42,70.01,1015.88,14.76,12.3942,63.6137
Bangkok,TH,13.7563,100.5018,3,31.1,82.92,1014.19,27.84,26.7032,138.4296
Buenos Aires,AR,-34.6037,-58.3816,10,13.12,75.88,1016.18,8.96,8.6674,38.7212
São Paulo,BR,-23.5505,-46.6333,9,17.29,66.7,933.0,11.03,9.8152,43.3439
Jaipur,IN,26.9124,75.7873,10,22.0,39.7,955.67,7.67,7.7072,34.4316
Chicago,US,41.8781,-87.6298,2,-0.47,58.8,1019.87,-7.53,2.761,14.1711
Chennai,IN,13.0827,80.2707,7,34.97,62.22,999.15,26.64,24.6,113.3568
Nairobi,KE,-1.2921,36.8219,2,18.48,52.55,833.49,8.59,8.302,42.6107
Los Angeles,US,34.0522,-118.2437,11,14.41,71.06,1014.41,9.23,8.7847,40.4798
Los Angeles,US,34.0522,-118.2437,3,17.04,67.43,1011.83,10.96,9.7789,50.6939
Kuala Lumpur,MY,3.139,101.6869,9,30.74,83.77,1013.22,27.66,26.4592,116.8437
Mexico City,MX,19.4326,-99.1332,8,16.16,80.0,775.45,12.7,10.9985,49.135
Bangalore,IN,12.9716,77.5946,9,20.7,82.09,909.74,17.53,14.7722,65.234
Jaipur,IN,26.9124,75.7873,9,25.68,58.82,956.37,17.01,14.0742,62.1516
Nairobi,KE,-1.2921,36.8219,8,19.74,76.16,835.84,15.41,12.9576,57.8872
Cairo,EG,30.0444,31.2357,12,13.99,53.89,1019.49,4.8,6.4939,31.1707
Anchorage,US,61.2181,-149.9003,12,-3.58,80.18,1002.95,-6.49,3.027,14.5298
Cairo,EG,30.0444,31.2357,8,31.22,37.66,1006.65,15.05,12.2092,54.5438
London,GB,51.5074,-0.1278,1,4.39,76.23,1015.69,0.58,4.9765,24.8425
Moscow,RU,55.7558,37.6173,6,20.88,60.1,1009.21,12.85,10.9322,52.4745
Dhaka,BD,23.7104,90.4074,5,30.31,87.96,1002.27,28.08,27.1493,135.5291
Johannesburg,ZA,-26.2041,28.0473,1,22.65,68.68,826.9,16.59,13.8379,69.0788
Jakarta,ID,-6.2088,106.8456,1,25.89,76.09,1006.04,21.35,18.4188,91.9467
Istanbul,TR,41.0082,28.9784,1,7.52,70.06,1012.46,2.42,5.6155,28.0323
Addis Ababa,ET,9.032,38.7492,11,23.15,53.37,772.27,13.14,11.0618,50.9729
Lahore,PK,31.5497,74.3436,3,23.26,51.71,975.95,12.76,10.786,55.9145
Paris,FR,48.8566,2.3522,1,3.25,80.25,1018.11,0.18,4.8536,24.2293
London,GB,51.5074,-0.1278,2,6.17,84.46,1016.98,3.75,6.1992,31.8177
São Paulo,BR,-23.5505,-46.6333,4,24.08,68.77,925.81,17.98,15.0353,77.1694
Tokyo,JP,35.6762,139.6503,11,8.83,56.73,1015.3,0.72,4.9468,22.795
Jakarta,ID,-6.2088,106.8456,10,30.56,76.6,1009.77,25.97,23.9701,107.0853
Chennai,IN,13.0827,80.2707,9,31.01,68.26,1007.35,24.45,21.8752,96.6009
Addis Ababa,ET,9.032,38.7492,9,13.09,77.47,775.55,9.24,8.8318,39.0011
Casablanca,MA,33.5731,-7.5898,3,10.82,80.55,1017.4,7.61,7.971,41.3215
Los Angeles,US,34.0522,-118.2437,9,19.1,64.72,1011.61,12.3,10.6084,46.8469
Rome,IT,41.9028,12.4964,2,10.05,62.25,1016.43,3.16,5.8656,30.1057
Sydney,AU,-33.8688,151.2093,5,17.73,85.44,1019.24,15.25,12.9104,64.4486
Lagos,NG,6.5244,3.3792,3,29.71,90.88,1009.88,28.06,27.1576,140.7848
Leh,IN,34.1526,77.577,6,16.82,29.19,647.96,-1.23,4.1763,20.0464
Jakarta,ID,-6.2088,106.8456,9,28.0,67.61,1015.79,21.44,18.3998,81.2537
Buenos Aires,AR,-34.6037,-58.3816,6,11.39,77.7,1018.84,7.64,7.9693,38.2528
Lagos,NG,6.5244,3.3792,7,26.75,82.31,1006.36,23.47,20.8966,96.2915
London,GB,51.5074,-0.1278,10,10.87,82.04,1012.3,7.92,8.1399,36.3648
Leh,IN,34.1526,77.577,4,8.57,41.4,647.52,-3.8,3.5497,18.219
Dubai,AE,25.2048,55.2708,11,22.14,66.27,1015.12,15.55,12.9656,59.7453
Singapore,SG,1.3521,103.8198,2,25.76,82.58,1016.0,22.56,19.8422,101.8414
Bangkok,TH,13.7563,100.5018,7,33.15,67.01,1006.72,26.18,24.0785,110.9536
Kathmandu,NP,27.7172,85.324,4,20.06,55.0,852.16,10.73,9.5358,48.9431
Kuala Lumpur,MY,3.139,101.6869,10,22.65,92.27,1006.32,21.32,18.5839,83.0226
London,GB,51.5074,-0.1278,9,13.43,67.92,1013.4,7.62,7.9065,34.915
Lahore,PK,31.5497,74.3436,10,24.06,54.75,978.65,14.38,11.957,53.4174
Dubai,AE,25.2048,55.2708,10,28.37,57.49,1007.17,19.15,15.9653,71.3242
Hyderabad,IN,17.385,78.4867,10,24.76,51.96,953.62,14.22,11.8046,52.7365
Anchorage,US,61.2181,-149.9003,3,0.62,69.51,1008.86,-4.31,3.5179,18.2369
Hong Kong,HK,22.3193,114.1694,2,17.65,85.51,1013.48,15.19,12.859,65.9997
Shanghai,CN,31.2304,121.4737,5,20.33,74.12,1010.76,15.56,13.0543,65.1669
Anchorage,US,61.2181,-149.9003,11,-3.31,81.53,1013.77,-6.01,3.1384,14.4616
Sydney,AU,-33.8688,151.2093,6,14.76,73.82,1014.47,10.14,9.3269,44.769
Lagos,NG,6.5244,3.3792,9,28.03,72.95,1012.86,22.71,19.8854,87.8141
Lahore,PK,31.5497,74.3436,7,34.06,64.02,968.94,26.27,24.1382,111.2287
Karachi,PK,24.8607,67.0011,10,27.82,63.32,1007.5,20.19,17.0562,76.1975
Lahore,PK,31.5497,74.3436,12,12.83,82.14,992.29,9.86,9.2135,44.2249
Beijing,CN,39.9042,116.4074,11,4.35,66.41,1021.51,-1.35,4.3242,19.9257
Lagos,NG,6.5244,3.3792,12,27.93,69.87,1009.17,21.9,18.9346,90.8863
Dubai,AE,25.2048,55.2708,10,30.81,57.97,1005.87,21.56,18.3842,82.1304
Leh,IN,34.1526,77.577,11,-0.09,41.76,649.75,-11.52,2.0134,9.2777
Singapore,SG,1.3521,103.8198,5,31.81,77.46,1006.87,27.37,25.9203,129.3943
Bangalore,IN,12.9716,77.5946,9,23.1,73.65,912.01,18.13,15.2254,67.2356
Jakarta,ID,-6.2088,106.8456,7,27.68,75.8,1015.64,23.02,20.2722,93.4143
Kathmandu,NP,27.7172,85.324,3,15.15,56.75,857.34,6.63,7.3428,38.0652
São Paulo,BR,-23.5505,-46.6333,10,22.4,73.48,928.58,17.42,14.5959,65.2066
Shanghai,CN,31.2304,121.4737,1,6.22,71.63,1018.18,1.47,5.2733,26.3242
Nairobi,KE,-1.2921,36.8219,12,16.15,66.61,837.15,9.92,9.1523,43.9309
Mexico City,MX,19.4326,-99.1332,12,10.68,55.88,782.66,2.23,5.478,26.2945
Anchorage,US,61.2181,-149.9003,9,8.77,68.17,1007.96,3.23,5.9201,26.1433
Lahore,PK,31.5497,74.3436,9,31.13,66.54,975.0,24.14,21.4646,94.7877
New York,US,40.7128,-74.006,8,29.7,67.11,1015.74,22.93,20.0449,89.5496
Chennai,IN,13.0827,80.2707,9,32.37,83.58,1005.78,29.22,28.8134,127.2401
Tokyo,JP,35.6762,139.6503,7,33.46,87.36,1011.49,31.06,31.9142,147.0605
Paris,FR,48.8566,2.3522,12,6.75,77.54,1014.83,3.1,5.9112,28.3739
Bangkok,TH,13.7563,100.5018,4,35.98,78.75,1009.88,31.69,32.8266,168.4842
Jakarta,ID,-6.2088,106.8456,11,28.68,87.58,1012.72,26.41,24.7435,114.0179
São Paulo,BR,-23.5505,-46.6333,12,21.77,69.51,924.57,15.94,13.3094,63.8853
Riyadh,SA,24.6877,46.7219,3,22.42,26.32,935.95,2.13,5.2312,27.1186
Beijing,CN,39.9042,116.4074,4,13.89,38.61,1012.94,0.02,4.623,23.7279
Beijing,CN,39.9042,116.4074,4,14.33,41.84,1012.1,1.53,5.1461,26.4125
Karachi,PK,24.8607,67.0011,2,21.58,72.92,1018.07,16.51,13.8168,70.9154
Chennai,IN,13.0827,80.2707,9,31.54,68.94,1009.86,25.13,22.7432,100.434
Rome,IT,41.9028,12.4964,11,12.2,78.78,1015.65,8.62,8.4955,39.1473
Hong Kong,HK,22.3193,114.1694,5,27.44,86.85,1007.47,25.05,22.9122,114.3775
Berlin,DE,52.52,13.405,12,1.14,79.49,1013.94,-2.01,4.1682,20.0072
Sydney,AU,-33.8688,151.2093,1,22.17,56.95,1010.58,13.23,11.1604,55.7126
Hyderabad,IN,17.385,78.4867,6,31.08,64.42,938.19,23.56,20.7302,99.5047
Moscow,RU,55.7558,37.6173,7,26.9,62.69,1006.54,19.17,16.0538,73.9758
Mexico City,MX,19.4326,-99.1332,2,14.56,50.09,783.85,4.28,6.2495,32.076
Mexico City,MX,19.4326,-99.1332,6,18.76,71.63,773.81,13.52,11.5029,55.2141
Sydney,AU,-33.8688,151.2093,4,17.89,74.23,1016.28,13.24,11.3262,58.1324
Amman,JO,31.9454,35.9284,10,24.98,48.58,915.9,13.38,11.1752,49.9246
Rio de Janeiro,BR,-22.9068,-43.1729,6,22.97,71.06,1015.5,17.43,14.5781,69.9748
Rome,IT,41.9028,12.4964,9,21.87,54.42,1011.21,12.25,10.4828,46.292
Singapore,SG,1.3521,103.8198,6,26.98,76.39,1009.02,22.46,19.6471,94.3059
Leh,IN,34.1526,77.577,3,0.86,44.45,646.91,-9.87,2.2875,11.8582
Tokyo,JP,35.6762,139.6503,6,27.0,79.23,1017.8,23.09,20.4061,97.9493
Istanbul,TR,41.0082,28.9784,11,10.94,78.77,1014.27,7.4,7.8529,36.186
Bangkok,TH,13.7563,100.5018,5,32.1,76.47,1008.17,27.43,25.9879,129.7317
Bangalore,IN,12.9716,77.5946,7,20.77,77.64,908.67,16.71,14.0293,64.6471
Kuala Lumpur,MY,3.139,101.6869,2,29.5,77.96,1013.33,25.24,23.0307,118.2064
Melbourne,AU,-37.8136,144.9631,6,13.12,68.89,1016.28,7.54,7.8679,37.7661
Rome,IT,41.9028,12.4964,8,31.55,44.92,1013.04,18.13,14.8265,66.2364
Riyadh,SA,24.6877,46.7219,6,38.27,6.08,923.22,-5.45,2.8508,13.684
Bangkok,TH,13.7563,100.5018,10,26.65,77.96,1008.12,22.48,19.6906,87.9665
Lahore,PK,31.5497,74.3436,4,24.44,41.81,981.41,10.62,9.3295,47.884
Jakarta,ID,-6.2088,106.8456,2,26.14,91.11,1007.08,24.57,22.3687,114.8083
Amman,JO,31.9454,35.9284,1,7.23,66.39,924.04,1.38,5.22,26.0583
Rome,IT,41.9028,12.4964,4,12.45,67.81,1014.11,6.67,7.4306,38.1378
Mexico City,MX,19.4326,-99.1332,9,14.31,76.66,777.61,10.26,9.4205,41.6007
Dhaka,BD,23.7104,90.4074,6,34.46,84.93,1001.55,31.54,32.6966,156.9438
Los Angeles,US,34.0522,-118.2437,10,27.07,67.88,1014.31,20.62,17.5497,78.4025
Kolkata,IN,22.5726,88.3639,9,26.78,78.49,1006.8,22.72,19.9695,88.1854
Dubai,AE,25.2048,55.2708,8,40.31,63.18,1004.05,31.92,32.8384,146.7036
Chennai,IN,13.0827,80.2707,6,33.84,61.75,1004.87,25.45,23.0129,110.462
Johannesburg,ZA,-26.2041,28.0473,8,10.04,34.23,833.21,-5.01,3.2242,14.4041
Hong Kong,HK,22.3193,114.1694,7,27.77,82.92,1007.09,24.6,22.2856,102.6922
London,GB,51.5074,-0.1278,5,13.97,65.74,1016.14,7.66,7.9109,39.491
Dhaka,BD,23.7104,90.4074,6,24.73,86.77,999.45,22.37,19.6793,94.4605
Hyderabad,IN,17.385,78.4867,5,33.15,33.12,937.81,14.74,11.8998,59.4039
Nairobi,KE,-1.2921,36.8219,1,22.45,70.87,835.89,16.9,14.1151,70.4628
Chennai,IN,13.0827,80.2707,12,23.74,86.7,1016.57,21.39,18.5918,89.2408
Paris,FR,48.8566,2.3522,10,9.75,72.38,1015.79,5.03,6.6939,29.9047
Chennai,IN,13.0827,80.2707,10,31.08,79.79,1009.98,27.17,25.6751,114.7023
Amman,JO,31.9454,35.9284,5,25.74,37.66,916.62,10.2,9.0364,45.1095
Sydney,AU,-33.8688,151.2093,12,17.98,66.06,1011.23,11.54,10.1278,48.6136
Amman,JO,31.9454,35.9284,3,11.21,49.52,920.96,1.04,5.0211,26.0296
Miami,US,25.7617,-80.1918,8,23.01,78.69,1009.85,19.1,16.1821,72.2925
New York,US,40.7128,-74.006,4,12.69,57.68,1013.63,4.56,6.4125,32.9127
Miami,US,25.7617,-80.1918,4,27.31,69.43,1013.13,21.21,18.186,93.3408
Chennai,IN,13.0827,80.2707,4,32.04,68.95,1008.13,25.61,23.3551,119.8712
Cairo,EG,30.0444,31.2357,7,34.0,24.69,1002.91,10.97,9.2774,42.7501
Dubai,AE,25.2048,55.2708,4,28.37,57.44,1010.04,19.14,15.9547,81.8884
Berlin,DE,52.52,13.405,11,4.42,96.77,1014.0,3.95,6.3288,29.1632
Bangkok,TH,13.7563,100.5018,11,24.18,70.22,1012.88,18.41,15.4401,71.1482
Kolkata,IN,22.5726,88.3639,4,29.61,58.22,1001.87,20.52,17.3036,88.8117
Houston,US,29.7604,-95.3698,12,8.84,83.45,1019.47,6.19,7.2788,34.9384
Cairo,EG,30.0444,31.2357,9,29.94,36.78,1010.27,13.56,11.1291,49.1459
Johannesburg,ZA,-26.2041,28.0473,11,18.76,57.85,819.17,10.28,9.2914,42.8149
Istanbul,TR,41.0082,28.9784,9,21.32,60.08,1015.83,13.25,11.211,49.5078
Kathmandu,NP,27.7172,85.324,10,22.48,65.98,855.21,15.8,13.1668,58.8219
Houston,US,29.7604,-95.3698,1,15.19,76.42,1016.73,11.07,9.9079,49.4602
Istanbul,TR,41.0082,28.9784,9,18.71,72.5,1014.09,13.66,11.6128,51.2823
Tokyo,JP,35.6762,139.6503,7,28.8,75.74,1009.97,24.08,21.5368,99.2415
Sydney,AU,-33.8688,151.2093,6,11.83,77.75,1013.17,8.07,8.1948,39.3349
Bangkok,TH,13.7563,100.5018,6,30.81,86.1,1005.5,28.21,27.3104,131.0899
Los Angeles,US,34.0522,-118.2437,10,17.53,62.48,1010.03,10.28,9.3268,41.6671
Tokyo,JP,35.6762,139.6503,2,4.51,53.26,1019.88,-4.17,3.5041,17.9852
Cairo,EG,30.0444,31.2357,2,18.41,59.45,1013.11,10.37,9.3561,48.0208
Kolkata,IN,22.5726,88.3639,4,27.2,48.61,1005.13,15.42,12.6572,64.964
Leh,IN,34.1526,77.577,2,-4.32,54.92,652.8,-12.01,1.9665,10.0931
London,GB,51.5074,-0.1278,5,18.51,68.64,1014.03,12.63,10.8639,54.2324
Johannesburg,ZA,-26.2041,28.0473,12,24.43,60.05,822.4,16.16,13.3852,64.2487
Berlin,DE,52.52,13.405,11,7.03,88.11,1021.85,5.19,6.8386,31.5124
Kathmandu,NP,27.7172,85.324,3,11.85,64.89,856.65,5.46,6.8497,35.5087
Bangalore,IN,12.9716,77.5946,12,18.62,57.69,910.6,10.11,9.1918,44.1204
Rome,IT,41.9028,12.4964,5,21.54,65.18,1013.61,14.72,12.321,61.5067
Singapore,SG,1.3521,103.8198,6,31.45,87.38,1008.58,29.09,28.6764,137.6468
São Paulo,BR,-23.5505,-46.6333,4,20.31,85.91,924.1,17.87,15.1159,77.5831
Nairobi,KE,-1.2921,36.8219,2,15.58,64.79,836.15,8.97,8.6015,44.1477
Shanghai,CN,31.2304,121.4737,7,26.05,83.95,1009.32,23.12,20.5059,94.4913
Buenos Aires,AR,-34.6037,-58.3816,10,18.51,66.88,1014.4,12.23,10.5824,47.2763
Buenos Aires,AR,-34.6037,-58.3816,11,20.2,65.51,1011.43,13.52,11.4505,52.7638
Singapore,SG,1.3521,103.8198,9,25.56,80.0,1010.32,21.85,19.0135,83.9636
Beijing,CN,39.9042,116.4074,9,24.09,72.14,1009.88,18.75,15.7738,69.6571
Nairobi,KE,-1.2921,36.8219,1,19.84,62.4,834.48,12.44,10.6845,53.3368
Buenos Aires,AR,-34.6037,-58.3816,8,11.24,70.98,1014.35,6.17,7.2084,32.2033
Karachi,PK,24.8607,67.0011,5,29.78,58.66,1007.11,20.8,17.5943,87.8305
Cairo,EG,30.0444,31.2357,2,15.1,56.21,1015.11,6.44,7.249,37.2059
Casablanca,MA,33.5731,-7.5898,8,22.25,61.34,1010.01,14.44,12.0735,53.9377
Shanghai,CN,31.2304,121.4737,5,19.0,65.6,1012.89,12.41,10.6867,53.3479
Miami,US,25.7617,-80.1918,9,29.3,85.44,1013.57,26.59,24.9631,110.2369
Addis Ababa,ET,9.032,38.7492,5,16.82,77.11,768.8,12.79,11.037,55.0966
Buenos Aires,AR,-34.6037,-58.3816,11,22.76,67.6,1012.64,16.45,13.7082,63.1673
São Paulo,BR,-23.5505,-46.6333,5,18.29,67.31,927.91,12.13,10.517,52.5007
Hong Kong,HK,22.3193,114.1694,1,16.46,83.11,1011.23,13.58,11.6395,58.1042
Johannesburg,ZA,-26.2041,28.0473,3,23.43,48.02,827.89,11.79,10.1167,52.4449
Bangalore,IN,12.9716,77.5946,11,16.07,70.23,911.94,10.64,9.6049,44.2595
Moscow,RU,55.7558,37.6173,9,11.05,70.2,1010.98,5.83,7.0466,31.1176
Johannesburg,ZA,-26.2041,28.0473,1,21.19,49.9,824.01,10.31,9.2392,46.122
Houston,US,29.7604,-95.3698,1,11.67,77.16,1013.75,7.8,8.0508,40.1896
Kuala Lumpur,MY,3.139,101.6869,10,30.08,98.26,1007.03,29.78,29.9578,133.8348
Mumbai,IN,19.076,72.8777,2,24.47,61.37,1015.82,16.54,13.7114,70.3745
Delhi,IN,28.6139,77.209,5,38.51,26.29,1004.56,15.73,12.4795,62.2975
Kolkata,IN,22.5726,88.3639,8,30.73,95.7,999.7,29.96,30.2214,135.0125
Paris,FR,48.8566,2.3522,11,8.54,80.65,1015.2,5.41,6.9037,31.8122
Shanghai,CN,31.2304,121.4737,3,5.76,72.71,1012.39,1.24,5.1933,26.9222
Rome,IT,41.9028,12.4964,12,7.41,76.85,1017.97,3.62,6.1164,29.3587
Chennai,IN,13.0827,80.2707,10,24.65,80.17,1013.23,21.0,18.1022,80.8708
Kolkata,IN,22.5726,88.3639,6,33.24,87.36,1000.27,30.85,31.5463,151.4222
Houston,US,29.7604,-95.3698,9,31.15,62.73,1014.46,23.18,20.2587,89.4625
Istanbul,TR,41.0082,28.9784,10,18.59,65.76,1009.96,12.06,10.4601,46.7301
Lahore,PK,31.5497,74.3436,11,16.4,70.86,982.81,11.09,9.8837,45.5439
Shanghai,CN,31.2304,121.4737,8,33.22,74.06,1009.9,27.96,26.7153,119.3494
Casablanca,MA,33.5731,-7.5898,9,24.22,60.37,1010.97,16.05,13.2987,58.7272
Paris,FR,48.8566,2.3522,1,3.56,95.23,1008.69,2.87,5.8828,29.3668
Dhaka,BD,23.7104,90.4074,10,24.12,70.52,1008.41,18.41,15.4477,69.0116
Houston,US,29.7604,-95.3698,12,13.46,75.33,1017.27,9.18,8.7853,42.1694
Leh,IN,34.1526,77.577,10,9.46,42.5,648.34,-2.65,3.8575,17.2331
Riyadh,SA,24.6877,46.7219,7,42.78,11.96,917.94,7.24,7.0295,32.392
New York,US,40.7128,-74.006,2,-1.93,66.41,1017.71,-7.35,2.8165,14.456
Lagos,NG,6.5244,3.3792,7,31.01,82.32,1007.63,27.63,26.3902,121.6062
Jakarta,ID,-6.2088,106.8456,6,29.97,84.2,1008.35,27.0,25.5088,122.4423
Paris,FR,48.8566,2.3522,8,19.85,79.31,1016.3,16.16,13.5866,60.6973
Nairobi,KE,-1.2921,36.8219,12,17.93,68.1,834.21,11.96,10.4134,49.9846
Cairo,EG,30.0444,31.2357,6,28.73,31.59,1011.6,10.19,8.9499,42.9596
Shanghai,CN,31.2304,121.4737,1,7.16,75.42,1015.42,3.11,5.9038,29.4719
Paris,FR,48.8566,2.3522,11,2.06,98.86,1016.28,1.9,5.5184,25.4286
Jakarta,ID,-6.2088,106.8456,12,27.82,78.61,1005.29,23.75,21.1817,101.6719
Cairo,EG,30.0444,31.2357,10,28.94,49.96,1012.59,17.44,14.3133,63.944
Delhi,IN,28.6139,77.209,6,34.7,41.03,999.34,19.5,15.9974,76.7873
Tokyo,JP,35.6762,139.6503,11,13.99,63.44,1018.8,7.16,7.6431,35.2195
New York,US,40.7128,-74.006,8,23.31,75.01,1015.49,18.62,15.6923,70.1045
Jakarta,ID,-6.2088,106.8456,6,26.47,77.64,1015.55,22.24,19.4109,93.1721
Lagos,NG,6.5244,3.3792,11,25.13,85.24,1010.68,22.47,19.7723,91.1107
Bangkok,TH,13.7563,100.5018,1,29.21,78.98,1013.55,25.18,22.9682,114.6573
Addis Ababa,ET,9.032,38.7492,6,18.26,92.53,767.54,17.02,14.4243,69.2369
Rio de Janeiro,BR,-22.9068,-43.1729,2,26.33,77.2,1013.31,22.01,19.1517,98.297
Hong Kong,HK,22.3193,114.1694,1,16.43,79.12,1013.34,12.8,11.0616,55.2196
New York,US,40.7128,-74.006,6,24.2,63.68,1015.16,16.87,14.0141,67.2675
Kathmandu,NP,27.7172,85.324,6,24.19,78.26,852.69,20.16,17.2154,82.6341
Los Angeles,US,34.0522,-118.2437,7,23.91,53.42,1011.04,13.86,11.5636,53.2853
Kolkata,IN,22.5726,88.3639,1,18.3,75.69,1019.21,13.93,11.8321,59.0658
Dubai,AE,25.2048,55.2708,3,23.87,57.51,1015.54,14.97,12.4245,64.4087
Anchorage,US,61.2181,-149.9003,8,17.98,67.22,1007.61,11.81,10.3099,46.0591
Amman,JO,31.9454,35.9284,11,14.23,60.47,918.88,6.68,7.3923,34.0637
Karachi,PK,24.8607,67.0011,2,23.98,74.56,1016.46,19.18,16.2091,83.1938
Riyadh,SA,24.6877,46.7219,7,41.8,7.03,921.51,-0.99,3.937,18.1417
Los Angeles,US,34.0522,-118.2437,1,17.06,68.47,1012.98,11.21,9.9418,49.6297
Paris,FR,48.8566,2.3522,9,16.85,66.63,1007.9,10.6,9.5524,42.1833
Paris,FR,48.8566,2.3522,8,20.68,76.37,1016.23,16.37,13.7284,61.3309
Mumbai,IN,19.076,72.8777,7,27.45,87.82,997.66,25.24,23.1822,106.8234
Kathmandu,NP,27.7172,85.324,11,14.59,55.9,858.75,5.89,6.9891,32.2059
Karachi,PK,24.8607,67.0011,8,28.52,77.69,1001.18,24.23,21.7487,97.161
Dubai,AE,25.2048,55.2708,9,35.03,62.82,1002.39,26.86,24.9154,110.0265
Houston,US,29.7604,-95.3698,11,17.73,75.11,1019.99,13.26,11.3491,52.2965
Mexico City,MX,19.4326,-99.1332,4,18.76,42.74,771.05,5.82,6.8631,35.2255
Anchorage,US,61.2181,-149.9003,7,18.52,70.2,1010.34,12.98,11.1136,51.2115
Beijing,CN,39.9042,116.4074,2,-2.2,38.1,1010.13,-14.55,1.5854,8.137
Amman,JO,31.9454,35.9284,4,20.0,47.76,919.48,8.58,8.2531,42.3596
Nairobi,KE,-1.2921,36.8219,4,16.82,81.57,834.52,13.65,11.6725,59.9095
Shanghai,CN,31.2304,121.4737,12,7.63,60.64,1014.4,0.51,4.8944,23.4932
Bangalore,IN,12.9716,77.5946,8,20.27,81.28,909.96,16.95,14.2654,63.7301
Shanghai,CN,31.2304,121.4737,3,8.34,68.22,1016.11,2.83,5.7653,29.8875
Beijing,CN,39.9042,116.4074,2,4.71,44.65,1016.86,-6.31,2.9765,15.277
Istanbul,TR,41.0082,28.9784,9,20.46,72.28,1011.03,15.3,12.8296,56.6555
Tokyo,JP,35.6762,139.6503,5,20.2,65.3,1013.81,13.47,11.4144,56.9808
Hyderabad,IN,17.385,78.4867,2,21.96,48.22,953.72,10.51,9.3377,47.9261
Istanbul,TR,41.0082,28.9784,4,15.5,76.29,1018.62,11.34,10.0786,51.729
Bangkok,TH,13.7563,100.5018,7,29.31,75.85,1000.09,24.59,22.1728,102.1722
Mumbai,IN,19.076,72.8777,6,27.92,100.0,1002.24,27.92,27.0972,130.0666
Buenos Aires,AR,-34.6037,-58.3816,11,21.12,70.73,1008.53,15.59,13.047,60.1208
Amman,JO,31.9454,35.9284,12,8.6,69.81,917.47,3.4,5.9953,28.7772
São Paulo,BR,-23.5505,-46.6333,7,13.07,71.34,931.49,8.0,8.1219,37.4255
Kolkata,IN,22.5726,88.3639,6,28.59,80.08,999.52,24.81,22.5149,108.0717
Berlin,DE,52.52,13.405,10,9.55,79.66,1013.9,6.21,7.2742,32.4972
Rio de Janeiro,BR,-22.9068,-43.1729,1,27.38,80.45,1009.57,23.71,21.1533,105.5974
Moscow,RU,55.7558,37.6173,2,2.46,83.82,1012.9,0.0,4.8073,24.6738
New York,US,40.7128,-74.006,3,6.05,58.17,1011.75,-1.54,4.237,21.9645
Jakarta,ID,-6.2088,106.8456,7,29.76,71.07,1014.48,23.94,21.2918,98.1127
Rome,IT,41.9028,12.4964,10,19.72,64.84,1015.24,12.91,11.019,49.2269
Chicago,US,41.8781,-87.6298,6,21.72,72.3,1007.23,16.51,13.807,66.2735
Chennai,IN,13.0827,80.2707,3,31.99,67.12,1010.48,25.1,22.6725,117.5342
Casablanca,MA,33.5731,-7.5898,9,26.51,53.82,1009.29,16.38,13.4843,59.5466
Istanbul,TR,41.0082,28.9784,7,25.52,54.61,1008.45,15.69,12.9496,59.6719
Jakarta,ID,-6.2088,106.8456,11,32.23,76.5,1006.97,27.56,26.1801,120.6377
Lahore,PK,31.5497,74.3436,4,28.5,48.08,977.44,16.43,13.4453,69.0088
Chicago,US,41.8781,-87.6298,4,10.87,59.07,1012.18,3.19,5.8601,30.0773
Berlin,DE,52.52,13.405,3,10.63,69.94,1011.27,5.37,6.8369,35.4422
Lagos,NG,6.5244,3.3792,8,25.24,76.86,1011.15,20.88,17.9389,80.1411
Chicago,US,41.8781,-87.6298,7,26.27,63.1,1009.9,18.68,15.6023,71.8952
Kolkata,IN,22.5726,88.3639,5,38.69,69.67,1001.91,32.13,33.3765,166.6153
Moscow,RU,55.7558,37.6173,9,12.6,76.85,1014.22,8.65,8.4991,37.5318
Jaipur,IN,26.9124,75.7873,2,18.85,64.35,963.79,11.97,10.3914,53.3344
Kuala Lumpur,MY,3.139,101.6869,3,28.24,86.45,1007.75,25.75,23.8359,123.5655
Addis Ababa,ET,9.032,38.7492,3,16.83,54.47,765.92,7.59,7.7975,40.4224
Chicago,US,41.8781,-87.6298,8,20.99,71.77,1014.93,15.69,13.1355,58.682
Singapore,SG,1.3521,103.8198,8,27.51,90.99,1006.89,25.91,24.1043,107.6846
Berlin,DE,52.52,13.405,7,19.98,52.58,1007.92,9.98,9.0718,41.8028
Dubai,AE,25.2048,55.2708,12,19.89,73.1,1019.53,14.93,12.5515,60.2471
Paris,FR,48.8566,2.3522,10,14.3,90.45,1012.37,12.75,11.1047,49.6096
Bangalore,IN,12.9716,77.5946,4,25.11,63.19,908.85,17.61,14.6404,75.1427
Cairo,EG,30.0444,31.2357,7,30.09,45.26,1005.72,16.93,13.8089,63.6313
Casablanca,MA,33.5731,-7.5898,4,16.08,66.88,1016.18,9.92,9.1518,46.9719
New York,US,40.7128,-74.006,12,5.31,53.89,1018.2,-3.27,3.7374,17.9395
Nairobi,KE,-1.2921,36.8219,10,14.99,74.72,840.58,10.54,9.5738,42.7703
Riyadh,SA,24.6877,46.7219,2,17.4,45.31,936.8,5.44,6.711,34.4443
Lahore,PK,31.5497,74.3436,5,31.14,22.54,972.37,7.24,7.2773,36.3284
Paris,FR,48.8566,2.3522,4,12.12,64.67,1007.87,5.67,6.9425,35.6329
Jaipur,IN,26.9124,75.7873,3,25.18,34.24,961.0,8.3,7.9641,41.2858
Sydney,AU,-33.8688,151.2093,2,24.0,72.64,1008.85,18.78,15.8078,81.1346
Casablanca,MA,33.5731,-7.5898,1,13.35,63.75,1017.19,6.63,7.3865,36.8733
Shanghai,CN,31.2304,121.4737,6,27.68,82.45,1009.59,24.41,22.0394,105.7892
Moscow,RU,55.7558,37.6173,9,15.1,73.55,1015.04,10.41,9.4862,41.8912
Beijing,CN,39.9042,116.4074,1,0.79,54.49,1017.78,-7.34,2.7897,13.9262
Kuala Lumpur,MY,3.139,101.6869,3,23.45,87.77,1004.27,21.3,18.5115,95.9635
Shanghai,CN,31.2304,121.4737,4,14.16,62.72,1008.32,7.15,7.6354,39.189
Moscow,RU,55.7558,37.6173,12,-0.08,87.21,1012.03,-1.95,4.2068,20.1925
Melbourne,AU,-37.8136,144.9631,5,13.5,72.71,1016.4,8.7,8.5033,42.4485
Hong Kong,HK,22.3193,114.1694,11,23.91,72.78,1014.23,18.71,15.7524,72.587
Kathmandu,NP,27.7172,85.324,11,12.47,64.2,858.66,5.89,7.0407,32.4434
Hyderabad,IN,17.385,78.4867,5,30.2,30.38,939.85,10.88,9.3231,46.5412
Miami,US,25.7617,-80.1918,7,34.24,83.04,1011.03,30.93,31.6084,145.6513
Mumbai,IN,19.076,72.8777,5,34.67,74.47,1008.01,29.44,28.9846,144.6912
Rio de Janeiro,BR,-22.9068,-43.1729,9,18.01,76.35,1016.54,13.78,11.7278,51.7899
Nairobi,KE,-1.2921,36.8219,6,15.18,77.69,839.39,11.3,10.0648,48.311
Rio de Janeiro,BR,-22.9068,-43.1729,4,20.08,63.75,1010.17,12.99,11.0637,56.7851
Chicago,US,41.8781,-87.6298,10,9.95,55.53,1011.51,1.47,5.2015,23.2375
Berlin,DE,52.52,13.405,1,1.49,81.57,1015.03,-1.32,4.3792,21.8612
Mumbai,IN,19.076,72.8777,7,24.66,85.15,1004.95,21.99,19.2293,88.6087
Leh,IN,34.1526,77.577,3,6.64,49.99,649.13,-3.05,3.7829,19.6103
Houston,US,29.7604,-95.3698,12,13.26,66.73,1022.47,7.2,7.6863,36.8945
Rome,IT,41.9028,12.4964,2,9.71,72.73,1013.36,5.05,6.7076,34.4271
Riyadh,SA,24.6877,46.7219,6,31.91,8.66,927.91,-5.4,2.9153,13.9934
Bangalore,IN,12.9716,77.5946,4,27.89,45.84,909.52,15.13,12.395,63.618
Bangkok,TH,13.7563,100.5018,10,27.66,76.5,1009.5,23.14,20.4308,91.2736
Melbourne,AU,-37.8136,144.9631,5,12.61,76.28,1014.86,8.54,8.4379,42.122
Cairo,EG,30.0444,31.2357,6,33.15,39.12,1004.94,17.36,14.0607,67.4915
Addis Ababa,ET,9.032,38.7492,5,15.32,70.16,772.15,9.91,9.1705,45.7791
Jaipur,IN,26.9124,75.7873,6,40.36,28.56,944.78,18.61,14.8872,71.4585
Los Angeles,US,34.0522,-118.2437,9,19.82,64.2,1011.58,12.85,10.9747,48.4643
Bangalore,IN,12.9716,77.5946,7,22.44,90.15,906.83,20.74,17.9451,82.6912
Kathmandu,NP,27.7172,85.324,8,22.7,76.37,850.39,18.32,15.4326,68.9441
Berlin,DE,52.52,13.405,2,0.88,75.52,1014.32,-2.95,3.8899,19.9651
Berlin,DE,52.52,13.405,8,22.46,64.61,1011.72,15.45,12.8772,57.5282
Melbourne,AU,-37.8136,144.9631,3,16.27,61.97,1015.37,8.96,8.576,44.458
New York,US,40.7128,-74.006,4,12.55,50.45,1016.05,2.53,5.5623,28.549
Singapore,SG,1.3521,103.8198,5,25.37,78.89,1010.36,21.43,18.5458,92.5806
Istanbul,TR,41.0082,28.9784,8,22.15,73.67,1014.88,17.22,14.4193,64.4173
Beijing,CN,39.9042,116.4074,2,1.01,46.84,1012.69,-9.08,2.4341,12.4931
Mexico City,MX,19.4326,-99.1332,8,15.71,71.82,775.85,10.63,9.6087,42.9265
Buenos Aires,AR,-34.6037,-58.3816,5,11.05,58.63,1015.51,3.25,5.8841,29.3736
Chennai,IN,13.0827,80.2707,7,32.75,67.9,1001.93,26.02,23.8833,110.0542
Houston,US,29.7604,-95.3698,3,15.58,74.37,1019.03,11.04,9.8768,51.2014
Colombo,LK,6.9271,79.8612,11,25.51,84.25,1007.22,22.65,19.9601,91.9761
São Paulo,BR,-23.5505,-46.6333,3,17.9,88.47,925.83,15.97,13.5049,70.0096
Lahore,PK,31.5497,74.3436,1,14.44,83.61,989.95,11.69,10.3532,51.6834
Karachi,PK,24.8607,67.0011,8,27.2,74.87,999.88,22.34,19.4923,87.0808
Buenos Aires,AR,-34.6037,-58.3816,10,9.89,67.49,1014.27,4.16,6.2962,28.1279
Leh,IN,34.1526,77.577,1,-10.36,56.18,655.8,-17.4,1.291,6.4446
Karachi,PK,24.8607,67.0011,12,20.53,65.4,1015.13,13.81,11.6577,55.9569
Singapore,SG,1.3521,103.8198,4,29.95,85.99,1007.37,27.35,26.0393,133.6483
Melbourne,AU,-37.8136,144.9631,8,3.6,71.03,1018.9,-1.16,4.3983,19.6493
Moscow,RU,55.7558,37.6173,6,17.7,70.95,1006.37,12.36,10.7012,51.3659
Mumbai,IN,19.076,72.8777,8,28.75,82.43,1008.08,25.45,23.3791,104.4448
Anchorage,US,61.2181,-149.9003,8,13.06,73.01,1009.73,8.33,8.3084,37.1171
Paris,FR,48.8566,2.3522,3,9.21,75.92,1013.76,5.19,6.7844,35.1703
Istanbul,TR,41.0082,28.9784,2,10.29,85.03,1014.37,7.88,8.134,41.7483
Kathmandu,NP,27.7172,85.324,8,20.98,87.65,851.68,18.85,16.0401,71.6582
Kuala Lumpur,MY,3.139,101.6869,4,29.5,86.47,1006.58,27.0,25.5441,131.1066
New York,US,40.7128,-74.006,1,3.03,54.93,1011.38,-5.14,3.2729,16.3383
Berlin,DE,52.52,13.405,5,13.93,72.66,1013.25,9.1,8.7224,43.5423
Melbourne,AU,-37.8136,144.9631,2,22.52,54.76,1018.62,12.96,10.953,56.2167
Rome,IT,41.9028,12.4964,5,18.59,68.74,1011.35,12.73,10.9297,54.561
Dhaka,BD,23.7104,90.4074,12,18.93,90.5,1012.83,17.34,14.6829,70.4778
Casablanca,MA,33.5731,-7.5898,5,24.3,66.69,1013.49,17.69,14.7558,73.6607
Miami,US,25.7617,-80.1918,1,16.1,76.43,1016.68,11.95,10.4718,52.2754
Rome,IT,41.9028,12.4964,8,24.71,44.13,1009.31,11.67,9.9981,44.6658
São Paulo,BR,-23.5505,-46.6333,4,19.61,83.11,927.12,16.66,14.036,72.0407
Colombo,LK,6.9271,79.8612,10,27.81,78.15,1005.93,23.64,21.0449,94.0171
Los Angeles,US,34.0522,-118.2437,5,20.22,70.68,1010.74,14.72,12.3709,61.7555
Rio de Janeiro,BR,-22.9068,-43.1729,2,28.94,77.84,1010.91,24.67,22.3049,114.4809
Rio de Janeiro,BR,-22.9068,-43.1729,2,27.15,85.78,1007.97,24.56,22.2764,114.3347
London,GB,51.5074,-0.1278,6,16.45,67.73,1017.52,10.47,9.4795,45.5015
Johannesburg,ZA,-26.2041,28.0473,8,11.61,52.94,831.34,2.34,5.5051,24.594
Bangalore,IN,12.9716,77.5946,8,24.19,76.59,910.0,19.81,16.8446,75.2525
Hong Kong,HK,22.3193,114.1694,3,20.74,75.81,1013.49,16.31,13.6789,70.9117
Casablanca,MA,33.5731,-7.5898,11,14.59,79.1,1016.43,11.01,9.8907,45.5764
Kathmandu,NP,27.7172,85.324,9,24.34,68.49,852.79,18.16,15.194,67.0966
Singapore,SG,1.3521,103.8198,12,27.42,86.9,1008.55,25.04,22.9072,109.9543
Addis Ababa,ET,9.032,38.7492,7,8.96,88.02,768.63,7.08,7.7373,35.6535
São Paulo,BR,-23.5505,-46.6333,6,18.15,75.43,933.83,13.74,11.6885,56.1049
Buenos Aires,AR,-34.6037,-58.3816,7,12.73,67.88,1019.88,6.94,7.5653,34.8609
